year,Food_Production,GDP_PC,Gini,Mort_Infant,Mort_Maternal,Mort_Under5,Poverty,Prenatal,Primary_School,Rural,Stunting,Underweight,Unemployment,Wasting,Country
2010,78.67,1929.78373077158,NONE,33.3,184.0,42.0,NONE,NONE,90.89746,33.57,NONE,NONE,2.608,NONE,BOL
2011,80.5,2315.52121930607,46.1,31.6,178.0,39.7,5.3,NONE,88.24213,33.126,NONE,NONE,2.255,NONE,BOL
2012,89.26,2575.59857098084,46.6,30.0,179.0,37.5,6.5,90.1,86.63318,32.685,18.2,3.6,2.066,1.5,BOL
2013,93.43,2870.02377000756,47.6,28.5,175.0,35.4,5.2,NONE,86.31707,32.301,NONE,NONE,2.437,NONE,BOL
2014,96.04,3041.43503118107,47.8,27.0,163.0,33.6,4.3,NONE,86.31873,31.953,NONE,NONE,2.021,NONE,BOL
2015,101.79,2996.01289804214,46.7,25.8,165.0,31.9,4.6,NONE,87.3167,31.607,NONE,NONE,3.111,NONE,BOL
2016,102.17,3035.8734778704,45.2,24.7,161.0,30.4,5.6,95.6,88.81425,31.262,16.1,3.4,3.498,2.0,BOL
2017,101.63,3306.30301176558,44.6,23.6,164.0,29.1,4.9,NONE,90.87779,30.92,NONE,NONE,3.655,NONE,BOL
2018,109.51,3500.72642189371,42.6,22.7,171.0,27.9,3.3,NONE,92.85137,30.575,NONE,NONE,3.519,NONE,BOL
2019,109.9,3503.8960106182,41.6,21.8,176.0,26.8,1.9,NONE,NONE,30.227,NONE,NONE,3.682,NONE,BOL
2020,109.48,3099.94219044572,43.6,21.0,161.0,25.8,3.1,NONE,NONE,29.877,NONE,NONE,7.903,NONE,BOL
2010,84.36,6398.2958447102,54.6,15.7,71.0,18.4,8.3,97.0,91.85368,22.036,12.6,3.4,11.153,0.9,COL
2011,86.07,7400.9940695669,53.5,15.2,71.0,17.8,6.8,NONE,91.81058,21.665,NONE,NONE,10.288,NONE,COL
2012,89.91,8108.59838244229,52.6,14.8,71.0,17.2,6.7,NONE,90.2152,21.299,NONE,NONE,9.959,NONE,COL
2013,95.51,8279.10255642981,52.6,14.3,70.0,16.6,6.1,NONE,90.20282,20.939,NONE,NONE,9.246,NONE,COL
2014,96.69,8187.20824890084,52.5,13.8,70.0,16.1,5.4,NONE,90.46317,20.585,NONE,NONE,8.799,NONE,COL
2015,100.66,6248.51490534512,51.0,13.4,70.0,15.6,4.9,97.5,91.9363,20.236,NONE,NONE,8.572,NONE,COL
2016,102.65,5959.84250367574,50.6,13.0,70.0,15.1,4.9,97.2,92.99662,19.892,12.7,3.7,8.922,1.6,COL
2017,99.79,6479.53231292429,49.7,12.6,71.0,14.6,4.3,NONE,93.13491,19.554,NONE,NONE,9.086,NONE,COL
2018,75.57,6816.96818309544,50.4,12.2,63.0,14.2,4.5,NONE,92.91999,19.222,NONE,NONE,9.36,NONE,COL
2019,108.22,6472.54544924705,51.3,11.8,65.0,13.7,5.3,NONE,NONE,18.896,NONE,NONE,10.28,NONE,COL
2020,108.71,5339.68711357943,53.5,11.4,75.0,13.3,9.4,NONE,NONE,18.575,NONE,NONE,15.983,NONE,COL
2010,99.5,4520.30959039763,48.8,16.2,76.0,18.9,5.7,NONE,92.62287,37.31,NONE,NONE,4.088,NONE,ECU
2011,99.14,5153.6916424375,45.9,15.5,73.0,18.0,4.7,NONE,91.98807,37.149,NONE,NONE,3.458,NONE,ECU
2012,95.51,5634.08393191094,46.1,14.8,72.0,17.3,4.5,NONE,91.67788,37.012,25.4,6.4,3.235,2.4,ECU
2013,93.7,6109.29031510341,46.9,14.2,72.0,16.5,3.2,NONE,91.50564,36.875,NONE,NONE,3.083,NONE,ECU
2014,101.57,6405.79979300441,45.0,13.7,65.0,15.9,2.6,NONE,91.35484,36.739,23.9,5.1,3.48,1.6,ECU
2015,103.22,5976.1596805651,46.0,13.2,66.0,15.3,3.4,NONE,91.6503,36.602,NONE,NONE,3.616,NONE,ECU
2016,95.2,5917.63771271481,45.0,12.7,70.0,14.8,3.6,NONE,91.66046,36.466,NONE,NONE,4.597,NONE,ECU
2017,95.69,6233.32244797718,44.7,12.4,69.0,14.4,3.2,NONE,91.64154,36.33,NONE,NONE,3.836,NONE,ECU
2018,94.03,6303.91892523596,45.4,12.0,71.0,13.9,3.3,NONE,90.94167,36.179,NONE,NONE,3.53,NONE,ECU
2019,97.95,6205.05759479761,45.7,11.6,74.0,13.5,3.6,NONE,NONE,36.014,23.0,5.2,3.812,3.7,ECU
2020,96.47,5463.64509649315,47.3,11.2,66.0,13.0,6.5,NONE,NONE,35.834,NONE,NONE,6.127,NONE,ECU
2010,83.94,1263.89251760539,NONE,47.3,337.0,69.7,NONE,NONE,NONE,49.287,NONE,NONE,5.384,NONE,GHA
2011,87.25,1507.43573198753,NONE,45.5,317.0,66.5,NONE,96.4,80.58882,48.606,22.8,13.4,4.227,6.2,GHA
2012,92.17,1543.77524235764,42.4,43.8,305.0,63.3,25.7,NONE,79.38927,47.927,NONE,NONE,3.141,NONE,GHA
2013,94.83,2294.025645187,NONE,42.1,305.0,60.4,NONE,NONE,84.93016,47.252,NONE,NONE,2.173,NONE,GHA
2014,99.06,1953.64513603117,NONE,40.6,286.0,57.7,NONE,90.5,86.99201,46.581,18.8,11.2,4.415,4.7,GHA
2015,99.74,1721.69964380717,NONE,39.2,286.0,55.3,NONE,NONE,89.28957,45.914,NONE,NONE,6.806,NONE,GHA
2016,101.19,1913.18673253576,43.5,37.9,258.0,53.0,25.2,97.5,86.38027,45.251,NONE,NONE,5.232,NONE,GHA
2017,107.89,2012.97025750655,NONE,36.6,274.0,50.9,NONE,97.6,85.1822,44.593,17.5,12.6,3.369,6.8,GHA
2018,113.03,2196.61290615342,NONE,35.5,273.0,48.9,NONE,97.1,84.48045,43.94,NONE,NONE,3.253,NONE,GHA
2019,119.42,2186.18924111824,NONE,34.4,244.0,47.1,NONE,97.4,86.15823,43.293,NONE,NONE,3.16,NONE,GHA
2020,122.4,2196.54789313621,NONE,33.4,263.0,45.3,NONE,NONE,NONE,42.651,NONE,NONE,3.313,NONE,GHA
2010,75.99,2805.25960237322,NONE,28.6,123.0,34.8,NONE,NONE,95.20853,51.597,NONE,NONE,3.497,NONE,GTM
2011,78.43,3168.98370607705,NONE,27.6,120.0,33.4,NONE,NONE,92.72544,51.299,NONE,NONE,3.172,NONE,GTM
2012,83.64,3286.61959336267,NONE,26.5,118.0,32.0,NONE,NONE,89.87772,51.0,NONE,NONE,2.765,NONE,GTM
2013,87.69,3444.15971843874,NONE,25.6,109.0,30.7,NONE,NONE,87.41445,50.689,NONE,NONE,3.017,NONE,GTM
2014,96.82,3689.14472473545,48.3,24.6,107.0,29.5,9.5,NONE,85.56198,50.366,NONE,NONE,2.717,NONE,GTM
2015,100.54,3893.50521848131,NONE,23.7,107.0,28.4,NONE,91.3,85.21609,50.029,46.7,12.4,2.506,0.8,GTM
2016,102.64,4060.13755621218,NONE,23.0,103.0,27.3,NONE,NONE,84.59497,49.681,NONE,NONE,2.583,NONE,GTM
2017,100.06,4324.99607911366,NONE,22.2,95.0,26.4,NONE,NONE,85.58408,49.32,NONE,NONE,2.462,NONE,GTM
2018,103.54,4352.94651790253,NONE,21.5,98.0,25.4,NONE,NONE,86.88631,48.946,NONE,NONE,2.283,NONE,GTM
2019,101.56,4511.99755157656,NONE,20.8,100.0,24.6,NONE,NONE,NONE,48.561,NONE,NONE,2.193,NONE,GTM
2020,105.99,4477.61761796418,NONE,20.1,96.0,23.7,NONE,NONE,NONE,48.164,NONE,NONE,2.955,NONE,GTM
2010,91.07,1893.32722662035,53.1,20.8,73.0,24.6,13.8,NONE,84.76193,48.115,NONE,NONE,4.119,NONE,HND
2011,97.41,2073.66121088074,52.6,20.1,72.0,23.7,14.3,NONE,85.94403,47.457,NONE,NONE,4.474,NONE,HND
2012,103.98,2126.03474686503,53.4,19.4,65.0,22.8,17.0,96.6,82.9426,46.798,22.6,7.1,3.755,1.4,HND
2013,98.43,2081.12843527945,50.0,18.8,65.0,22.0,14.6,NONE,79.47982,46.142,NONE,NONE,5.646,NONE,HND
2014,93.0,2179.88171977271,49.9,18.1,68.0,21.2,13.3,NONE,79.18979,45.486,NONE,NONE,7.078,NONE,HND
2015,100.49,2271.20265980349,49.2,17.5,67.0,20.5,13.0,NONE,77.96419,44.835,NONE,NONE,6.147,NONE,HND
2016,106.51,2307.34468351082,49.8,16.9,62.0,19.7,14.6,NONE,79.58265,44.187,NONE,NONE,6.727,NONE,HND
2017,114.45,2413.0076562942,49.4,16.3,64.0,19.0,13.9,NONE,80.09489,43.543,NONE,NONE,5.528,NONE,HND
2018,116.54,2464.64241531918,48.9,15.8,65.0,18.4,14.2,NONE,NONE,42.904,NONE,NONE,5.648,NONE,HND
2019,115.89,2502.32744328073,48.2,15.2,67.0,17.7,12.7,96.1,NONE,42.27,18.7,7.1,5.698,1.9,HND
2020,106.55,2307.61494319511,NONE,14.7,72.0,17.1,NONE,NONE,NONE,41.641,NONE,NONE,10.982,NONE,HND
2010,90.06,1209.72733503094,NONE,81.6,403.0,136.5,NONE,NONE,NONE,52.491,NONE,NONE,15.252,NONE,HTI
2011,94.96,1312.03953552013,NONE,57.4,424.0,77.1,NONE,NONE,NONE,51.508,NONE,NONE,14.485,NONE,HTI
2012,95.9,1361.39396587374,41.1,56.3,384.0,75.3,29.2,90.3,NONE,50.523,22.0,11.6,14.1,5.1,HTI
2013,100.45,1457.83221179626,NONE,55.1,392.0,73.5,NONE,NONE,NONE,49.54,NONE,NONE,13.642,NONE,HTI
2014,101.78,1460.18898613914,NONE,53.9,389.0,71.7,NONE,NONE,NONE,48.556,NONE,NONE,13.755,NONE,HTI
2015,98.91,1411.12684746796,NONE,52.7,391.0,69.7,NONE,NONE,NONE,47.573,NONE,NONE,13.724,NONE,HTI
2016,99.31,1318.40268167953,NONE,51.5,388.0,67.8,NONE,NONE,NONE,46.604,NONE,NONE,13.852,NONE,HTI
2017,94.51,1395.23945184461,NONE,50.2,351.0,65.9,NONE,91.0,NONE,45.654,21.9,9.5,13.881,3.7,HTI
2018,89.76,1496.38048970156,NONE,49.1,359.0,64.1,NONE,NONE,NONE,44.722,NONE,NONE,13.878,NONE,HTI
2019,81.32,1352.17204191532,NONE,47.8,349.0,62.2,NONE,NONE,NONE,43.808,NONE,NONE,14.057,NONE,HTI
2020,74.19,1290.32538667383,NONE,46.4,350.0,60.2,NONE,NONE,NONE,42.912,NONE,NONE,15.546,NONE,HTI
2010,74.63,952.274616324008,NONE,37.3,276.0,43.8,NONE,89.1,93.61728,79.706,39.8,28.9,0.771,11.0,KHM
2011,85.55,1088.98152823081,NONE,34.6,252.0,40.5,NONE,89.1,97.51867,79.337,NONE,NONE,0.577,NONE,KHM
2012,88.4,1192.80263041673,NONE,32.2,246.0,37.6,NONE,NONE,97.40673,78.963,NONE,NONE,0.496,NONE,KHM
2013,89.62,1305.6600972686,NONE,30.2,229.0,35.2,NONE,NONE,NONE,78.585,NONE,NONE,0.438,NONE,KHM
2014,96.88,1431.56396469993,NONE,28.6,228.0,33.3,NONE,95.3,95.04806,78.201,32.4,24.1,0.692,9.7,KHM
2015,98.76,1547.32010444393,NONE,27.1,209.0,31.6,NONE,NONE,95.26797,77.812,NONE,NONE,0.393,NONE,KHM
2016,104.36,1675.19555711109,NONE,25.9,197.0,30.1,NONE,NONE,92.75899,77.418,NONE,NONE,0.716,NONE,KHM
2017,109.12,1826.35391688754,NONE,24.7,204.0,28.8,NONE,NONE,90.54321,77.02,NONE,NONE,0.141,NONE,KHM
2018,111.36,2036.67377566578,NONE,23.6,209.0,27.5,NONE,NONE,90.26554,76.612,NONE,NONE,0.13,NONE,KHM
2019,109.42,2225.87705485686,NONE,22.7,214.0,26.5,NONE,NONE,NONE,76.195,NONE,NONE,0.119,NONE,KHM
2020,110.34,2081.73914242939,NONE,21.9,218.0,25.5,NONE,NONE,NONE,75.768,NONE,NONE,0.172,NONE,KHM
2010,88.08,1522.10110213175,NONE,45.3,131.0,58.4,NONE,NONE,NONE,52.61,NONE,NONE,NONE,NONE,KIR
2011,88.27,1771.12894481248,NONE,45.0,129.0,58.0,NONE,NONE,NONE,51.765,NONE,NONE,NONE,NONE,KIR
2012,89.61,1843.55346948038,NONE,44.9,131.0,57.9,NONE,NONE,NONE,50.918,NONE,NONE,NONE,NONE,KIR
2013,90.65,1772.08706898092,NONE,45.0,119.0,58.0,NONE,NONE,NONE,50.073,NONE,NONE,NONE,NONE,KIR
2014,90.44,1736.7053011433,NONE,45.3,120.0,58.4,NONE,NONE,97.4324,49.227,NONE,NONE,NONE,NONE,KIR
2015,91.1,1639.85274301496,NONE,45.7,121.0,59.0,NONE,NONE,95.76556,48.381,NONE,NONE,NONE,NONE,KIR
2016,118.46,1742.66812442095,NONE,46.1,117.0,59.6,NONE,NONE,97.47591,47.55,NONE,NONE,NONE,NONE,KIR
2017,118.61,1853.0511299437,NONE,46.3,112.0,60.0,NONE,NONE,94.69278,46.738,NONE,NONE,NONE,NONE,KIR
2018,107.5,1912.73798131035,NONE,46.4,110.0,60.1,NONE,NONE,NONE,45.943,15.2,6.9,NONE,3.5,KIR
2019,94.24,1750.99750920482,27.8,46.1,108.0,59.7,1.7,89.2,NONE,45.165,NONE,NONE,NONE,NONE,KIR
2020,94.37,1769.43211760217,NONE,45.5,76.0,58.8,NONE,NONE,NONE,44.406,NONE,NONE,NONE,NONE,KIR
2010,88.49,492.252808033724,NONE,71.7,634.0,99.6,NONE,NONE,NONE,52.187,39.0,16.6,2.266,4.0,LIB
2011,91.39,568.087865520004,NONE,69.8,644.0,96.6,NONE,95.4,40.78992,51.807,NONE,NONE,2.211,NONE,LIB
2012,93.77,638.368751462083,NONE,68.1,644.0,94.0,NONE,NONE,NONE,51.417,NONE,NONE,2.146,NONE,LIB
2013,90.39,710.744570927863,NONE,66.7,632.0,91.7,NONE,95.9,NONE,51.015,32.1,15.3,2.08,5.6,LIB
2014,92.45,706.714490064507,33.2,67.6,776.0,91.9,25.9,NONE,38.38889,50.603,NONE,NONE,2.079,NONE,LIB
2015,96.64,692.590082351257,NONE,64.5,686.0,88.1,NONE,NONE,NONE,50.18,NONE,NONE,2.557,NONE,LIB
2016,110.91,714.613063145659,35.3,63.1,628.0,86.0,27.6,97.9,NONE,49.746,30.1,13.6,3.081,4.3,LIB
2017,92.63,699.269095727404,NONE,62.0,661.0,84.3,NONE,NONE,44.25563,49.303,NONE,NONE,3.066,NONE,LIB
2018,94.53,692.203127129794,NONE,60.7,684.0,82.3,NONE,NONE,NONE,48.849,NONE,NONE,3.056,NONE,LIB
2019,97.46,658.164180770507,NONE,59.3,668.0,80.0,NONE,NONE,NONE,48.385,29.8,10.9,3.068,3.4,LIB
2020,100.6,616.787867006715,NONE,57.8,652.0,77.7,NONE,97.8,NONE,47.911,NONE,NONE,4.109,NONE,LIB
2010,104.79,450.009391645726,42.4,47.8,497.0,70.6,80.2,NONE,NONE,68.062,NONE,NONE,4.28,NONE,MDG
2011,104.2,506.163691559309,NONE,46.9,484.0,69.0,NONE,83.1,NONE,67.42,NONE,NONE,2.512,NONE,MDG
2012,108.38,493.511162904211,42.6,46.2,476.0,67.8,80.7,NONE,NONE,66.773,48.9,32.6,0.599,7.5,MDG
2013,97.78,515.301589361832,NONE,45.7,455.0,66.8,NONE,82.1,NONE,66.122,NONE,NONE,0.996,NONE,MDG
2014,101.05,505.684922503435,NONE,45.4,467.0,66.2,NONE,NONE,NONE,65.466,NONE,NONE,1.386,NONE,MDG
2015,98.72,445.320069480568,NONE,45.2,482.0,65.8,NONE,NONE,NONE,64.807,NONE,NONE,1.785,NONE,MDG
2016,100.23,453.970714522463,NONE,45.1,447.0,65.7,NONE,87.0,NONE,64.144,NONE,NONE,1.947,NONE,MDG
2017,97.92,491.866848718929,NONE,45.1,423.0,65.7,NONE,NONE,NONE,63.478,NONE,NONE,2.119,NONE,MDG
2018,100.64,500.45718552916,NONE,45.2,423.0,65.8,NONE,85.1,95.60378,62.809,41.6,26.4,2.297,6.4,MDG
2019,101.6,499.818837622534,NONE,45.3,398.0,66.1,NONE,NONE,NONE,62.139,NONE,NONE,2.469,NONE,MDG
2020,102.17,450.771615201509,NONE,45.4,392.0,66.3,NONE,NONE,NONE,61.466,NONE,NONE,3.284,NONE,MDG
2010,62.12,2625.21881402433,33.1,22.1,65.0,26.3,1.1,99.0,97.30346,32.433,15.3,3.3,6.549,1.6,MNG
2011,68.69,3736.04201455077,33.9,20.6,61.0,24.4,0.9,NONE,97.82805,32.037,NONE,NONE,4.769,NONE,MNG
2012,73.61,4328.89001905655,33.8,19.4,58.0,22.8,0.5,NONE,97.19697,31.97,NONE,NONE,3.905,NONE,MNG
2013,81.44,4340.14310544449,NONE,18.3,52.0,21.5,NONE,98.7,94.61869,31.903,10.8,1.6,4.231,1.0,MNG
2014,83.81,4126.23975800524,32.0,17.5,49.0,20.4,0.3,98.7,94.62431,31.837,NONE,NONE,4.798,NONE,MNG
2015,110.54,3838.92126989984,NONE,16.6,47.0,19.5,NONE,NONE,96.00155,31.77,NONE,NONE,4.861,NONE,MNG
2016,105.65,3619.90026383792,32.3,15.8,47.0,18.5,0.7,NONE,97.82071,31.703,7.3,0.8,7.235,1.2,MNG
2017,107.14,3645.96708669551,NONE,15.0,48.0,17.5,NONE,NONE,97.86929,31.637,NONE,NONE,6.359,NONE,MNG
2018,126.37,4107.64288528468,32.7,14.2,42.0,16.5,0.7,99.1,97.69756,31.555,9.4,1.8,5.377,0.9,MNG
2019,131.34,4347.54610314873,NONE,13.4,40.0,15.6,NONE,NONE,NONE,31.457,NONE,NONE,9.269,NONE,MNG
2020,168.69,4001.25193077703,NONE,12.7,39.0,14.7,NONE,NONE,NONE,31.343,NONE,NONE,6.594,NONE,MNG
2010,85.24,2202.25672957344,35.7,84.2,1123.0,135.3,34.9,54.1,64.13783,56.52,NONE,NONE,3.746,NONE,NGA
2011,78.94,2418.41316975875,NONE,82.9,1070.0,132.9,NONE,66.2,NONE,55.634,35.8,24.2,3.77,10.2,NGA
2012,86.95,2633.19734671361,35.5,81.8,1087.0,130.9,33.8,NONE,NONE,54.754,NONE,NONE,3.76,NONE,NGA
2013,84.66,2872.79083379398,NONE,80.8,1109.0,129.1,NONE,60.6,NONE,53.882,NONE,NONE,3.711,NONE,NGA
2014,95.48,3088.72131316169,NONE,80.0,1135.0,127.7,NONE,NONE,NONE,53.018,33.6,20.6,3.902,7.9,NGA
2015,97.74,2585.73360671797,35.9,79.2,1113.0,126.2,32.3,62.6,NONE,52.162,33.0,19.5,4.135,7.3,NGA
2016,106.78,2070.4127339595,NONE,78.2,1129.0,124.5,NONE,NONE,NONE,51.317,43.6,31.5,4.499,10.8,NGA
2017,109.08,1876.34027111773,NONE,77.0,1127.0,122.4,NONE,65.8,NONE,50.481,NONE,NONE,4.828,NONE,NGA
2018,114.06,2057.87944554011,35.1,75.7,1135.0,119.9,30.9,67.0,NONE,49.656,36.8,21.8,5.067,6.8,NGA
2019,109.77,2265.15520863056,NONE,74.0,1122.0,116.9,NONE,NONE,NONE,48.843,NONE,NONE,5.206,NONE,NGA
2020,112.64,2019.65706326224,NONE,72.3,1047.0,113.9,NONE,NONE,NONE,48.042,31.5,18.4,5.742,6.5,NGA
2010,83.81,1526.56185349171,NONE,20.0,98.0,23.5,NONE,NONE,94.89265,43.083,NONE,NONE,7.83,NONE,NIC
2011,91.18,1679.71034177231,NONE,19.2,95.0,22.6,NONE,NONE,NONE,42.887,NONE,NONE,6.618,NONE,NIC
2012,94.92,1784.69212752824,NONE,18.5,92.0,21.7,NONE,94.6,NONE,42.691,17.3,4.6,5.208,2.2,NIC
2013,97.53,1835.43436443315,NONE,17.8,91.0,20.8,NONE,NONE,NONE,42.495,NONE,NONE,5.28,NONE,NIC
2014,97.38,1958.36966453366,46.2,17.1,81.0,20.1,3.9,NONE,NONE,42.3,NONE,NONE,4.52,NONE,NIC
2015,96.91,2074.45446460028,NONE,16.5,79.0,19.3,NONE,NONE,NONE,42.105,NONE,NONE,4.7,NONE,NIC
2016,105.71,2131.68828465802,NONE,16.0,77.0,18.6,NONE,NONE,NONE,41.91,NONE,NONE,3.9,NONE,NIC
2017,115.76,2182.61875100395,NONE,15.4,76.0,18.0,NONE,NONE,NONE,41.701,NONE,NONE,3.3,NONE,NIC
2018,116.47,2035.16750115975,NONE,14.9,74.0,17.4,NONE,NONE,NONE,41.478,NONE,NONE,5.2,NONE,NIC
2019,118.69,1958.62132892996,NONE,14.4,75.0,16.8,NONE,NONE,NONE,41.24,NONE,NONE,5.472,NONE,NIC
2020,122.95,1931.61515811642,NONE,14.0,78.0,16.3,NONE,NONE,NONE,40.988,NONE,NONE,6.201,NONE,NIC
2010,83.84,5072.11494019615,45.5,15.6,76.0,20.1,6.8,94.7,96.60304,23.57,23.3,4.3,3.6,0.7,PER
2011,86.92,5861.35793645245,44.7,15.0,73.0,19.3,6.5,95.4,96.50894,23.383,19.5,4.2,3.477,0.4,PER
2012,91.99,6519.37852981527,44.4,14.4,72.0,18.5,6.1,96.0,91.85927,23.196,18.4,3.4,3.238,0.6,PER
2013,94.72,6746.80025696601,43.9,13.9,71.0,17.9,5.4,95.9,93.73238,23.011,17.6,3.6,3.575,0.4,PER
2014,97.76,6667.13410360861,43.1,13.5,65.0,17.4,4.8,96.9,92.54948,22.827,14.8,3.2,3.208,0.6,PER
2015,99.02,6231.71150338894,43.4,13.2,65.0,17.0,4.7,97.0,92.73258,22.643,14.7,3.4,3.272,0.6,PER
2016,103.23,6217.03599995447,43.6,13.0,62.0,16.7,4.6,97.6,95.29,22.461,13.1,3.2,3.741,0.6,PER
2017,103.96,6736.16693725487,43.3,12.8,61.0,16.5,4.5,97.5,94.91894,22.28,12.8,3.2,3.691,0.5,PER
2018,112.1,6978.49121548627,42.4,12.6,63.0,16.2,3.6,98.1,95.65167,22.093,12.2,2.6,3.492,0.5,PER
2019,116.69,7037.00803692604,41.5,12.4,72.0,16.0,3.0,98.2,NONE,21.901,12.2,2.4,3.379,0.4,PER
2020,118.74,6133.32552410183,43.7,12.2,69.0,15.7,5.8,98.1,NONE,21.703,11.4,2.2,7.179,0.4,PER
2010,91.51,2162.91375885614,NONE,23.3,105.0,29.6,NONE,NONE,NONE,54.668,NONE,NONE,3.605,NONE,PHL
2011,95.14,2383.91892526787,NONE,23.0,108.0,29.1,NONE,94.5,NONE,54.478,33.4,20.2,3.592,7.0,PHL
2012,98.47,2614.61644410764,46.5,22.7,104.0,28.7,10.9,NONE,NONE,54.288,NONE,NONE,3.504,NONE,PHL
2013,98.7,2781.27957670473,NONE,22.4,103.0,28.3,NONE,95.4,NONE,54.097,30.0,19.9,3.497,7.6,PHL
2014,100.59,2866.83803767919,NONE,22.2,89.0,28.1,NONE,NONE,95.36339,53.907,NONE,NONE,3.6,NONE,PHL
2015,100.77,2909.85818014474,44.6,22.1,88.0,27.9,6.5,NONE,95.0759,53.716,33.1,21.4,3.068,6.8,PHL
2016,98.64,2985.19564020101,NONE,22.1,86.0,27.9,NONE,NONE,94.36604,53.525,NONE,NONE,2.695,NONE,PHL
2017,101.95,3038.12124955619,NONE,22.1,84.0,27.9,NONE,93.8,93.7756,53.318,NONE,NONE,2.552,NONE,PHL
2018,101.61,3168.51036606257,42.3,22.1,82.0,28.0,3.0,NONE,NONE,53.093,29.9,19.0,2.338,5.5,PHL
2019,101.33,3400.78949772302,NONE,22.2,81.0,28.0,NONE,NONE,NONE,52.851,28.7,18.9,2.237,5.7,PHL
2020,100.67,3227.57910235199,NONE,22.2,78.0,28.0,NONE,NONE,NONE,52.592,NONE,NONE,2.522,NONE,PHL
2010,80.39,4750.96273669322,51.0,21.8,100.0,25.9,5.5,NONE,87.9171,40.739,NONE,NONE,4.569,NONE,PRY
2011,84.42,5805.40154543044,52.3,21.2,99.0,25.1,5.0,NONE,87.7094,40.416,NONE,NONE,4.67,NONE,PRY
2012,62.4,5642.1699167298,47.6,20.6,85.0,24.4,3.3,NONE,87.19751,40.093,10.7,2.6,4.085,2.6,PRY
2013,92.89,6435.68342733182,47.9,20.0,81.0,23.6,1.8,NONE,NONE,39.803,NONE,NONE,4.385,NONE,PRY
2014,99.6,6652.25478942291,50.7,19.4,77.0,22.9,2.4,NONE,NONE,39.526,NONE,NONE,5.034,NONE,PRY
2015,98.81,5879.33792308671,47.6,18.8,80.0,22.1,1.9,NONE,NONE,39.25,NONE,NONE,4.556,NONE,PRY
2016,101.59,5775.1596339946,47.9,18.3,69.0,21.5,1.7,98.7,NONE,38.974,5.6,1.3,5.255,1.0,PRY
2017,110.54,6152.26711537703,48.5,17.7,69.0,20.8,1.0,NONE,NONE,38.7,NONE,NONE,6.138,NONE,PRY
2018,110.22,6258.44991640954,46.0,17.2,70.0,20.1,1.4,NONE,NONE,38.415,NONE,NONE,6.217,NONE,PRY
2019,102.2,5821.18199548637,45.7,16.6,70.0,19.4,1.0,NONE,NONE,38.121,NONE,NONE,6.595,NONE,PRY
2020,116.83,5365.47220721191,43.5,16.0,71.0,18.7,0.8,NONE,NONE,37.817,NONE,NONE,7.548,NONE,PRY
2010,102.89,3040.07300952878,43.5,16.4,36.0,19.2,6.3,NONE,94.46109,34.548,NONE,NONE,4.893,NONE,SLV
2011,98.26,3330.60049486653,42.3,15.7,37.0,18.3,5.3,NONE,94.08134,33.675,NONE,NONE,4.297,NONE,SLV
2012,108.63,3497.91256915509,41.8,14.9,38.0,17.4,4.6,NONE,93.22315,32.813,NONE,NONE,3.843,NONE,SLV
2013,99.38,3582.26694005169,43.4,14.3,39.0,16.6,3.6,NONE,90.57777,31.964,NONE,NONE,3.693,NONE,SLV
2014,99.6,3666.01248913873,41.6,13.7,41.0,16.0,3.4,96.0,88.23495,31.126,13.6,5.0,4.154,2.1,SLV
2015,96.19,3790.34089108162,40.6,13.2,44.0,15.3,2.3,NONE,85.79246,30.3,NONE,NONE,3.998,NONE,SLV
2016,104.21,3901.34014965811,40.0,12.7,42.0,14.7,2.6,NONE,84.4549,29.499,NONE,NONE,4.418,NONE,SLV
2017,104.04,4020.12671373919,38.0,12.2,45.0,14.2,2.2,NONE,80.23355,28.725,NONE,NONE,4.385,NONE,SLV
2018,101.53,4183.54620971358,38.6,11.8,45.0,13.7,1.8,NONE,80.99537,27.977,NONE,NONE,4.006,NONE,SLV
2019,102.8,4320.11671534627,38.8,11.3,39.0,13.2,1.4,NONE,NONE,27.254,NONE,NONE,4.17,NONE,SLV
2020,98.27,3997.19279583709,NONE,11.0,43.0,12.7,NONE,NONE,NONE,26.556,NONE,NONE,5.008,NONE,SLV
2010,106.86,13646.3046622664,NONE,14.7,112.0,17.1,NONE,NONE,92.48108,11.917,NONE,NONE,7.112,NONE,VEN
2011,119.41,10843.9229703167,NONE,14.8,118.0,17.2,NONE,NONE,92.69816,11.892,NONE,NONE,6.902,NONE,VEN
2012,109.31,12901.4171582274,NONE,15.0,119.0,17.4,NONE,NONE,92.49758,11.877,NONE,NONE,6.601,NONE,VEN
2013,107.82,12403.1466957582,NONE,15.3,124.0,17.8,NONE,97.5,91.56032,11.867,NONE,NONE,7.54,NONE,VEN
2014,105.75,15943.6127197163,NONE,15.6,119.0,18.2,NONE,NONE,91.1096,11.856,NONE,NONE,6.821,NONE,VEN
2015,104.37,NONE,NONE,16.6,126.0,19.1,NONE,NONE,90.69857,11.846,NONE,NONE,6.137,NONE,VEN
2016,95.63,NONE,NONE,21.2,150.0,24.2,NONE,NONE,88.88692,11.835,NONE,NONE,5.319,NONE,VEN
2017,91.75,NONE,NONE,21.2,175.0,24.2,NONE,NONE,87.39174,11.817,NONE,NONE,5.045,NONE,VEN
2018,84.89,NONE,NONE,21.2,179.0,24.2,NONE,NONE,NONE,11.792,NONE,NONE,5.46,NONE,VEN
2019,84.92,NONE,NONE,21.2,177.0,24.2,NONE,NONE,NONE,11.76,NONE,NONE,5.876,NONE,VEN
2020,89.45,NONE,NONE,21.2,259.0,24.2,NONE,NONE,NONE,11.721,NONE,NONE,7.53,NONE,VEN
2010,101.5,648.129229488008,NONE,107.3,837.0,160.9,NONE,93.0,NONE,61.144,32.7,18.5,4.413,7.5,WAL
2011,108.49,718.161680687537,34.0,104.0,728.0,154.1,38.7,NONE,NONE,60.752,NONE,NONE,4.54,NONE,WAL
2012,112.0,904.840762004552,NONE,100.8,667.0,147.6,NONE,NONE,94.57197,60.358,NONE,NONE,4.552,NONE,WAL
2013,117.5,1146.4163912665,NONE,97.9,632.0,141.6,NONE,97.1,96.37658,59.964,NONE,NONE,4.538,NONE,WAL
2014,110.05,1140.92742266148,NONE,95.8,618.0,139.6,NONE,NONE,NONE,59.568,29.1,13.0,4.678,4.6,WAL
2015,96.35,945.148168480629,NONE,95.3,588.0,140.5,NONE,NONE,95.11907,59.171,NONE,NONE,4.606,NONE,WAL
2016,93.6,838.631615328371,NONE,89.9,505.0,125.7,NONE,94.2,98.11179,58.772,NONE,NONE,4.294,NONE,WAL
2017,84.47,788.486867334833,NONE,87.4,520.0,121.0,NONE,97.4,NONE,58.364,31.0,15.6,3.834,6.8,WAL
2018,88.66,845.914540460932,35.7,85.0,460.0,116.6,26.1,NONE,NONE,57.945,NONE,NONE,3.192,NONE,WAL
2019,78.32,843.71251730417,NONE,82.6,435.0,112.2,NONE,97.9,NONE,57.516,29.5,13.5,3.203,5.4,WAL
2020,91.46,845.313836261458,NONE,80.3,443.0,108.2,NONE,NONE,NONE,57.077,NONE,NONE,3.508,NONE,WAL
2010,106.25,901.554443558321,NONE,52.5,618.0,85.4,NONE,NONE,NONE,66.804,32.2,10.2,5.447,3.2,ZWE
2011,108.3,1037.25491018154,43.2,51.1,562.0,80.0,21.6,89.8,NONE,66.985,NONE,NONE,5.368,NONE,ZWE
2012,112.21,1238.60109002194,NONE,46.8,528.0,71.7,NONE,NONE,94.17241,67.166,NONE,NONE,5.061,NONE,ZWE
2013,111.7,1362.30066802685,NONE,45.0,495.0,65.9,NONE,NONE,94.14912,67.346,NONE,NONE,4.943,NONE,ZWE
2014,96.85,1372.21278071456,NONE,43.0,441.0,62.3,NONE,93.7,NONE,67.496,27.6,11.2,4.774,3.2,ZWE
2015,101.1,1386.42284717709,NONE,41.9,408.0,60.2,NONE,93.3,NONE,67.615,27.1,8.5,5.377,3.3,ZWE
2016,102.05,1407.41536437554,NONE,40.4,400.0,57.5,NONE,NONE,NONE,67.704,NONE,NONE,5.886,NONE,ZWE
2017,106.59,3448.08253696926,44.3,39.2,366.0,55.8,34.2,NONE,NONE,67.763,NONE,NONE,6.344,NONE,ZWE
2018,107.82,2271.8533351306,NONE,37.8,359.0,53.4,NONE,NONE,NONE,67.791,NONE,NONE,6.793,NONE,ZWE
2019,105.74,1684.02790388182,50.3,36.9,393.0,52.4,39.8,93.3,NONE,67.79,23.5,9.7,7.373,2.9,ZWE
2020,110.34,1730.41348946953,NONE,36.4,357.0,51.4,NONE,NONE,NONE,67.758,NONE,NONE,8.621,NONE,ZWE
