,Food_Production,GDP_PC,Gini,Mort_Infant,Mort_Maternal,Mort_Under5,Poverty,Prenatal,Primary_School,Rural,Stunting,Underweight,Unemployment,Wasting
BOL,"{'2010': 78.67, '2011': 80.5, '2012': 89.26, '2013': 93.43, '2014': 96.04, '2015': 101.79, '2016': 102.17, '2017': 101.63, '2018': 109.51, '2019': 109.9, '2020': 109.48}","{'2010': 1929.78373077158, '2011': 2315.52121930607, '2012': 2575.59857098084, '2013': 2870.02377000756, '2014': 3041.43503118107, '2015': 2996.01289804214, '2016': 3035.8734778704, '2017': 3306.30301176558, '2018': 3500.72642189371, '2019': 3503.8960106182, '2020': 3099.94219044572}","{'2010': nan, '2011': 46.1, '2012': 46.6, '2013': 47.6, '2014': 47.8, '2015': 46.7, '2016': 45.2, '2017': 44.6, '2018': 42.6, '2019': 41.6, '2020': 43.6}","{'2010': 33.3, '2011': 31.6, '2012': 30.0, '2013': 28.5, '2014': 27.0, '2015': 25.8, '2016': 24.7, '2017': 23.6, '2018': 22.7, '2019': 21.8, '2020': 21.0}","{'2010': 184.0, '2011': 178.0, '2012': 179.0, '2013': 175.0, '2014': 163.0, '2015': 165.0, '2016': 161.0, '2017': 164.0, '2018': 171.0, '2019': 176.0, '2020': 161.0}","{'2010': 42.0, '2011': 39.7, '2012': 37.5, '2013': 35.4, '2014': 33.6, '2015': 31.9, '2016': 30.4, '2017': 29.1, '2018': 27.9, '2019': 26.8, '2020': 25.8}","{'2010': nan, '2011': 5.3, '2012': 6.5, '2013': 5.2, '2014': 4.3, '2015': 4.6, '2016': 5.6, '2017': 4.9, '2018': 3.3, '2019': 1.9, '2020': 3.1}","{'2010': nan, '2011': nan, '2012': 90.1, '2013': nan, '2014': nan, '2015': nan, '2016': 95.6, '2017': nan, '2018': nan, '2019': nan, '2020': nan}","{'2010': 90.89746, '2011': 88.24213, '2012': 86.63318, '2013': 86.31707, '2014': 86.31873, '2015': 87.3167, '2016': 88.81425, '2017': 90.87779, '2018': 92.85137, '2019': nan, '2020': nan}","{'2010': 33.57, '2011': 33.126, '2012': 32.685, '2013': 32.301, '2014': 31.953, '2015': 31.607, '2016': 31.262, '2017': 30.92, '2018': 30.575, '2019': 30.227, '2020': 29.877}","{'2010': nan, '2011': nan, '2012': 18.2, '2013': nan, '2014': nan, '2015': nan, '2016': 16.1, '2017': nan, '2018': nan, '2019': nan, '2020': nan}","{'2010': nan, '2011': nan, '2012': 3.6, '2013': nan, '2014': nan, '2015': nan, '2016': 3.4, '2017': nan, '2018': nan, '2019': nan, '2020': nan}","{'2010': 2.608, '2011': 2.255, '2012': 2.066, '2013': 2.437, '2014': 2.021, '2015': 3.111, '2016': 3.498, '2017': 3.655, '2018': 3.519, '2019': 3.682, '2020': 7.903}","{'2010': nan, '2011': nan, '2012': 1.5, '2013': nan, '2014': nan, '2015': nan, '2016': 2.0, '2017': nan, '2018': nan, '2019': nan, '2020': nan}"
COL,"{'2010': 84.36, '2011': 86.07, '2012': 89.91, '2013': 95.51, '2014': 96.69, '2015': 100.66, '2016': 102.65, '2017': 99.79, '2018': 75.57, '2019': 108.22, '2020': 108.71}","{'2010': 6398.2958447102, '2011': 7400.9940695669, '2012': 8108.59838244229, '2013': 8279.10255642981, '2014': 8187.20824890084, '2015': 6248.51490534512, '2016': 5959.84250367574, '2017': 6479.53231292429, '2018': 6816.96818309544, '2019': 6472.54544924705, '2020': 5339.68711357943}","{'2010': 54.6, '2011': 53.5, '2012': 52.6, '2013': 52.6, '2014': 52.5, '2015': 51.0, '2016': 50.6, '2017': 49.7, '2018': 50.4, '2019': 51.3, '2020': 53.5}","{'2010': 15.7, '2011': 15.2, '2012': 14.8, '2013': 14.3, '2014': 13.8, '2015': 13.4, '2016': 13.0, '2017': 12.6, '2018': 12.2, '2019': 11.8, '2020': 11.4}","{'2010': 71.0, '2011': 71.0, '2012': 71.0, '2013': 70.0, '2014': 70.0, '2015': 70.0, '2016': 70.0, '2017': 71.0, '2018': 63.0, '2019': 65.0, '2020': 75.0}","{'2010': 18.4, '2011': 17.8, '2012': 17.2, '2013': 16.6, '2014': 16.1, '2015': 15.6, '2016': 15.1, '2017': 14.6, '2018': 14.2, '2019': 13.7, '2020': 13.3}","{'2010': 8.3, '2011': 6.8, '2012': 6.7, '2013': 6.1, '2014': 5.4, '2015': 4.9, '2016': 4.9, '2017': 4.3, '2018': 4.5, '2019': 5.3, '2020': 9.4}","{'2010': 97.0, '2011': nan, '2012': nan, '2013': nan, '2014': nan, '2015': 97.5, '2016': 97.2, '2017': nan, '2018': nan, '2019': nan, '2020': nan}","{'2010': 91.85368, '2011': 91.81058, '2012': 90.2152, '2013': 90.20282, '2014': 90.46317, '2015': 91.9363, '2016': 92.99662, '2017': 93.13491, '2018': 92.91999, '2019': nan, '2020': nan}","{'2010': 22.036, '2011': 21.665, '2012': 21.299, '2013': 20.939, '2014': 20.585, '2015': 20.236, '2016': 19.892, '2017': 19.554, '2018': 19.222, '2019': 18.896, '2020': 18.575}","{'2010': 12.6, '2011': nan, '2012': nan, '2013': nan, '2014': nan, '2015': nan, '2016': 12.7, '2017': nan, '2018': nan, '2019': nan, '2020': nan}","{'2010': 3.4, '2011': nan, '2012': nan, '2013': nan, '2014': nan, '2015': nan, '2016': 3.7, '2017': nan, '2018': nan, '2019': nan, '2020': nan}","{'2010': 11.153, '2011': 10.288, '2012': 9.959, '2013': 9.246, '2014': 8.799, '2015': 8.572, '2016': 8.922, '2017': 9.086, '2018': 9.36, '2019': 10.28, '2020': 15.983}","{'2010': 0.9, '2011': nan, '2012': nan, '2013': nan, '2014': nan, '2015': nan, '2016': 1.6, '2017': nan, '2018': nan, '2019': nan, '2020': nan}"
ECU,"{'2010': 99.5, '2011': 99.14, '2012': 95.51, '2013': 93.7, '2014': 101.57, '2015': 103.22, '2016': 95.2, '2017': 95.69, '2018': 94.03, '2019': 97.95, '2020': 96.47}","{'2010': 4520.30959039763, '2011': 5153.6916424375, '2012': 5634.08393191094, '2013': 6109.29031510341, '2014': 6405.79979300441, '2015': 5976.1596805651, '2016': 5917.63771271481, '2017': 6233.32244797718, '2018': 6303.91892523596, '2019': 6205.05759479761, '2020': 5463.64509649315}","{'2010': 48.8, '2011': 45.9, '2012': 46.1, '2013': 46.9, '2014': 45.0, '2015': 46.0, '2016': 45.0, '2017': 44.7, '2018': 45.4, '2019': 45.7, '2020': 47.3}","{'2010': 16.2, '2011': 15.5, '2012': 14.8, '2013': 14.2, '2014': 13.7, '2015': 13.2, '2016': 12.7, '2017': 12.4, '2018': 12.0, '2019': 11.6, '2020': 11.2}","{'2010': 76.0, '2011': 73.0, '2012': 72.0, '2013': 72.0, '2014': 65.0, '2015': 66.0, '2016': 70.0, '2017': 69.0, '2018': 71.0, '2019': 74.0, '2020': 66.0}","{'2010': 18.9, '2011': 18.0, '2012': 17.3, '2013': 16.5, '2014': 15.9, '2015': 15.3, '2016': 14.8, '2017': 14.4, '2018': 13.9, '2019': 13.5, '2020': 13.0}","{'2010': 5.7, '2011': 4.7, '2012': 4.5, '2013': 3.2, '2014': 2.6, '2015': 3.4, '2016': 3.6, '2017': 3.2, '2018': 3.3, '2019': 3.6, '2020': 6.5}","{'2010': nan, '2011': nan, '2012': nan, '2013': nan, '2014': nan, '2015': nan, '2016': nan, '2017': nan, '2018': nan, '2019': nan, '2020': nan}","{'2010': 92.62287, '2011': 91.98807, '2012': 91.67788, '2013': 91.50564, '2014': 91.35484, '2015': 91.6503, '2016': 91.66046, '2017': 91.64154, '2018': 90.94167, '2019': nan, '2020': nan}","{'2010': 37.31, '2011': 37.149, '2012': 37.012, '2013': 36.875, '2014': 36.739, '2015': 36.602, '2016': 36.466, '2017': 36.33, '2018': 36.179, '2019': 36.014, '2020': 35.834}","{'2010': nan, '2011': nan, '2012': 25.4, '2013': nan, '2014': 23.9, '2015': nan, '2016': nan, '2017': nan, '2018': nan, '2019': 23.0, '2020': nan}","{'2010': nan, '2011': nan, '2012': 6.4, '2013': nan, '2014': 5.1, '2015': nan, '2016': nan, '2017': nan, '2018': nan, '2019': 5.2, '2020': nan}","{'2010': 4.088, '2011': 3.458, '2012': 3.235, '2013': 3.083, '2014': 3.48, '2015': 3.616, '2016': 4.597, '2017': 3.836, '2018': 3.53, '2019': 3.812, '2020': 6.127}","{'2010': nan, '2011': nan, '2012': 2.4, '2013': nan, '2014': 1.6, '2015': nan, '2016': nan, '2017': nan, '2018': nan, '2019': 3.7, '2020': nan}"
GHA,"{'2010': 83.94, '2011': 87.25, '2012': 92.17, '2013': 94.83, '2014': 99.06, '2015': 99.74, '2016': 101.19, '2017': 107.89, '2018': 113.03, '2019': 119.42, '2020': 122.4}","{'2010': 1263.89251760539, '2011': 1507.43573198753, '2012': 1543.77524235764, '2013': 2294.025645187, '2014': 1953.64513603117, '2015': 1721.69964380717, '2016': 1913.18673253576, '2017': 2012.97025750655, '2018': 2196.61290615342, '2019': 2186.18924111824, '2020': 2196.54789313621}","{'2010': nan, '2011': nan, '2012': 42.4, '2013': nan, '2014': nan, '2015': nan, '2016': 43.5, '2017': nan, '2018': nan, '2019': nan, '2020': nan}","{'2010': 47.3, '2011': 45.5, '2012': 43.8, '2013': 42.1, '2014': 40.6, '2015': 39.2, '2016': 37.9, '2017': 36.6, '2018': 35.5, '2019': 34.4, '2020': 33.4}","{'2010': 337.0, '2011': 317.0, '2012': 305.0, '2013': 305.0, '2014': 286.0, '2015': 286.0, '2016': 258.0, '2017': 274.0, '2018': 273.0, '2019': 244.0, '2020': 263.0}","{'2010': 69.7, '2011': 66.5, '2012': 63.3, '2013': 60.4, '2014': 57.7, '2015': 55.3, '2016': 53.0, '2017': 50.9, '2018': 48.9, '2019': 47.1, '2020': 45.3}","{'2010': nan, '2011': nan, '2012': 25.7, '2013': nan, '2014': nan, '2015': nan, '2016': 25.2, '2017': nan, '2018': nan, '2019': nan, '2020': nan}","{'2010': nan, '2011': 96.4, '2012': nan, '2013': nan, '2014': 90.5, '2015': nan, '2016': 97.5, '2017': 97.6, '2018': 97.1, '2019': 97.4, '2020': nan}","{'2010': nan, '2011': 80.58882, '2012': 79.38927, '2013': 84.93016, '2014': 86.99201, '2015': 89.28957, '2016': 86.38027, '2017': 85.1822, '2018': 84.48045, '2019': 86.15823, '2020': nan}","{'2010': 49.287, '2011': 48.606, '2012': 47.927, '2013': 47.252, '2014': 46.581, '2015': 45.914, '2016': 45.251, '2017': 44.593, '2018': 43.94, '2019': 43.293, '2020': 42.651}","{'2010': nan, '2011': 22.8, '2012': nan, '2013': nan, '2014': 18.8, '2015': nan, '2016': nan, '2017': 17.5, '2018': nan, '2019': nan, '2020': nan}","{'2010': nan, '2011': 13.4, '2012': nan, '2013': nan, '2014': 11.2, '2015': nan, '2016': nan, '2017': 12.6, '2018': nan, '2019': nan, '2020': nan}","{'2010': 5.384, '2011': 4.227, '2012': 3.141, '2013': 2.173, '2014': 4.415, '2015': 6.806, '2016': 5.232, '2017': 3.369, '2018': 3.253, '2019': 3.16, '2020': 3.313}","{'2010': nan, '2011': 6.2, '2012': nan, '2013': nan, '2014': 4.7, '2015': nan, '2016': nan, '2017': 6.8, '2018': nan, '2019': nan, '2020': nan}"
GTM,"{'2010': 75.99, '2011': 78.43, '2012': 83.64, '2013': 87.69, '2014': 96.82, '2015': 100.54, '2016': 102.64, '2017': 100.06, '2018': 103.54, '2019': 101.56, '2020': 105.99}","{'2010': 2805.25960237322, '2011': 3168.98370607705, '2012': 3286.61959336267, '2013': 3444.15971843874, '2014': 3689.14472473545, '2015': 3893.50521848131, '2016': 4060.13755621218, '2017': 4324.99607911366, '2018': 4352.94651790253, '2019': 4511.99755157656, '2020': 4477.61761796418}","{'2010': nan, '2011': nan, '2012': nan, '2013': nan, '2014': 48.3, '2015': nan, '2016': nan, '2017': nan, '2018': nan, '2019': nan, '2020': nan}","{'2010': 28.6, '2011': 27.6, '2012': 26.5, '2013': 25.6, '2014': 24.6, '2015': 23.7, '2016': 23.0, '2017': 22.2, '2018': 21.5, '2019': 20.8, '2020': 20.1}","{'2010': 123.0, '2011': 120.0, '2012': 118.0, '2013': 109.0, '2014': 107.0, '2015': 107.0, '2016': 103.0, '2017': 95.0, '2018': 98.0, '2019': 100.0, '2020': 96.0}","{'2010': 34.8, '2011': 33.4, '2012': 32.0, '2013': 30.7, '2014': 29.5, '2015': 28.4, '2016': 27.3, '2017': 26.4, '2018': 25.4, '2019': 24.6, '2020': 23.7}","{'2010': nan, '2011': nan, '2012': nan, '2013': nan, '2014': 9.5, '2015': nan, '2016': nan, '2017': nan, '2018': nan, '2019': nan, '2020': nan}","{'2010': nan, '2011': nan, '2012': nan, '2013': nan, '2014': nan, '2015': 91.3, '2016': nan, '2017': nan, '2018': nan, '2019': nan, '2020': nan}","{'2010': 95.20853, '2011': 92.72544, '2012': 89.87772, '2013': 87.41445, '2014': 85.56198, '2015': 85.21609, '2016': 84.59497, '2017': 85.58408, '2018': 86.88631, '2019': nan, '2020': nan}","{'2010': 51.597, '2011': 51.299, '2012': 51.0, '2013': 50.689, '2014': 50.366, '2015': 50.029, '2016': 49.681, '2017': 49.32, '2018': 48.946, '2019': 48.561, '2020': 48.164}","{'2010': nan, '2011': nan, '2012': nan, '2013': nan, '2014': nan, '2015': 46.7, '2016': nan, '2017': nan, '2018': nan, '2019': nan, '2020': nan}","{'2010': nan, '2011': nan, '2012': nan, '2013': nan, '2014': nan, '2015': 12.4, '2016': nan, '2017': nan, '2018': nan, '2019': nan, '2020': nan}","{'2010': 3.497, '2011': 3.172, '2012': 2.765, '2013': 3.017, '2014': 2.717, '2015': 2.506, '2016': 2.583, '2017': 2.462, '2018': 2.283, '2019': 2.193, '2020': 2.955}","{'2010': nan, '2011': nan, '2012': nan, '2013': nan, '2014': nan, '2015': 0.8, '2016': nan, '2017': nan, '2018': nan, '2019': nan, '2020': nan}"
HND,"{'2010': 91.07, '2011': 97.41, '2012': 103.98, '2013': 98.43, '2014': 93.0, '2015': 100.49, '2016': 106.51, '2017': 114.45, '2018': 116.54, '2019': 115.89, '2020': 106.55}","{'2010': 1893.32722662035, '2011': 2073.66121088074, '2012': 2126.03474686503, '2013': 2081.12843527945, '2014': 2179.88171977271, '2015': 2271.20265980349, '2016': 2307.34468351082, '2017': 2413.0076562942, '2018': 2464.64241531918, '2019': 2502.32744328073, '2020': 2307.61494319511}","{'2010': 53.1, '2011': 52.6, '2012': 53.4, '2013': 50.0, '2014': 49.9, '2015': 49.2, '2016': 49.8, '2017': 49.4, '2018': 48.9, '2019': 48.2, '2020': nan}","{'2010': 20.8, '2011': 20.1, '2012': 19.4, '2013': 18.8, '2014': 18.1, '2015': 17.5, '2016': 16.9, '2017': 16.3, '2018': 15.8, '2019': 15.2, '2020': 14.7}","{'2010': 73.0, '2011': 72.0, '2012': 65.0, '2013': 65.0, '2014': 68.0, '2015': 67.0, '2016': 62.0, '2017': 64.0, '2018': 65.0, '2019': 67.0, '2020': 72.0}","{'2010': 24.6, '2011': 23.7, '2012': 22.8, '2013': 22.0, '2014': 21.2, '2015': 20.5, '2016': 19.7, '2017': 19.0, '2018': 18.4, '2019': 17.7, '2020': 17.1}","{'2010': 13.8, '2011': 14.3, '2012': 17.0, '2013': 14.6, '2014': 13.3, '2015': 13.0, '2016': 14.6, '2017': 13.9, '2018': 14.2, '2019': 12.7, '2020': nan}","{'2010': nan, '2011': nan, '2012': 96.6, '2013': nan, '2014': nan, '2015': nan, '2016': nan, '2017': nan, '2018': nan, '2019': 96.1, '2020': nan}","{'2010': 84.76193, '2011': 85.94403, '2012': 82.9426, '2013': 79.47982, '2014': 79.18979, '2015': 77.96419, '2016': 79.58265, '2017': 80.09489, '2018': nan, '2019': nan, '2020': nan}","{'2010': 48.115, '2011': 47.457, '2012': 46.798, '2013': 46.142, '2014': 45.486, '2015': 44.835, '2016': 44.187, '2017': 43.543, '2018': 42.904, '2019': 42.27, '2020': 41.641}","{'2010': nan, '2011': nan, '2012': 22.6, '2013': nan, '2014': nan, '2015': nan, '2016': nan, '2017': nan, '2018': nan, '2019': 18.7, '2020': nan}","{'2010': nan, '2011': nan, '2012': 7.1, '2013': nan, '2014': nan, '2015': nan, '2016': nan, '2017': nan, '2018': nan, '2019': 7.1, '2020': nan}","{'2010': 4.119, '2011': 4.474, '2012': 3.755, '2013': 5.646, '2014': 7.078, '2015': 6.147, '2016': 6.727, '2017': 5.528, '2018': 5.648, '2019': 5.698, '2020': 10.982}","{'2010': nan, '2011': nan, '2012': 1.4, '2013': nan, '2014': nan, '2015': nan, '2016': nan, '2017': nan, '2018': nan, '2019': 1.9, '2020': nan}"
HTI,"{'2010': 90.06, '2011': 94.96, '2012': 95.9, '2013': 100.45, '2014': 101.78, '2015': 98.91, '2016': 99.31, '2017': 94.51, '2018': 89.76, '2019': 81.32, '2020': 74.19}","{'2010': 1209.72733503094, '2011': 1312.03953552013, '2012': 1361.39396587374, '2013': 1457.83221179626, '2014': 1460.18898613914, '2015': 1411.12684746796, '2016': 1318.40268167953, '2017': 1395.23945184461, '2018': 1496.38048970156, '2019': 1352.17204191532, '2020': 1290.32538667383}","{'2010': nan, '2011': nan, '2012': 41.1, '2013': nan, '2014': nan, '2015': nan, '2016': nan, '2017': nan, '2018': nan, '2019': nan, '2020': nan}","{'2010': 81.6, '2011': 57.4, '2012': 56.3, '2013': 55.1, '2014': 53.9, '2015': 52.7, '2016': 51.5, '2017': 50.2, '2018': 49.1, '2019': 47.8, '2020': 46.4}","{'2010': 403.0, '2011': 424.0, '2012': 384.0, '2013': 392.0, '2014': 389.0, '2015': 391.0, '2016': 388.0, '2017': 351.0, '2018': 359.0, '2019': 349.0, '2020': 350.0}","{'2010': 136.5, '2011': 77.1, '2012': 75.3, '2013': 73.5, '2014': 71.7, '2015': 69.7, '2016': 67.8, '2017': 65.9, '2018': 64.1, '2019': 62.2, '2020': 60.2}","{'2010': nan, '2011': nan, '2012': 29.2, '2013': nan, '2014': nan, '2015': nan, '2016': nan, '2017': nan, '2018': nan, '2019': nan, '2020': nan}","{'2010': nan, '2011': nan, '2012': 90.3, '2013': nan, '2014': nan, '2015': nan, '2016': nan, '2017': 91.0, '2018': nan, '2019': nan, '2020': nan}","{'2010': nan, '2011': nan, '2012': nan, '2013': nan, '2014': nan, '2015': nan, '2016': nan, '2017': nan, '2018': nan, '2019': nan, '2020': nan}","{'2010': 52.491, '2011': 51.508, '2012': 50.523, '2013': 49.54, '2014': 48.556, '2015': 47.573, '2016': 46.604, '2017': 45.654, '2018': 44.722, '2019': 43.808, '2020': 42.912}","{'2010': nan, '2011': nan, '2012': 22.0, '2013': nan, '2014': nan, '2015': nan, '2016': nan, '2017': 21.9, '2018': nan, '2019': nan, '2020': nan}","{'2010': nan, '2011': nan, '2012': 11.6, '2013': nan, '2014': nan, '2015': nan, '2016': nan, '2017': 9.5, '2018': nan, '2019': nan, '2020': nan}","{'2010': 15.252, '2011': 14.485, '2012': 14.1, '2013': 13.642, '2014': 13.755, '2015': 13.724, '2016': 13.852, '2017': 13.881, '2018': 13.878, '2019': 14.057, '2020': 15.546}","{'2010': nan, '2011': nan, '2012': 5.1, '2013': nan, '2014': nan, '2015': nan, '2016': nan, '2017': 3.7, '2018': nan, '2019': nan, '2020': nan}"
KHM,"{'2010': 74.63, '2011': 85.55, '2012': 88.4, '2013': 89.62, '2014': 96.88, '2015': 98.76, '2016': 104.36, '2017': 109.12, '2018': 111.36, '2019': 109.42, '2020': 110.34}","{'2010': 952.274616324008, '2011': 1088.98152823081, '2012': 1192.80263041673, '2013': 1305.6600972686, '2014': 1431.56396469993, '2015': 1547.32010444393, '2016': 1675.19555711109, '2017': 1826.35391688754, '2018': 2036.67377566578, '2019': 2225.87705485686, '2020': 2081.73914242939}","{'2010': nan, '2011': nan, '2012': nan, '2013': nan, '2014': nan, '2015': nan, '2016': nan, '2017': nan, '2018': nan, '2019': nan, '2020': nan}","{'2010': 37.3, '2011': 34.6, '2012': 32.2, '2013': 30.2, '2014': 28.6, '2015': 27.1, '2016': 25.9, '2017': 24.7, '2018': 23.6, '2019': 22.7, '2020': 21.9}","{'2010': 276.0, '2011': 252.0, '2012': 246.0, '2013': 229.0, '2014': 228.0, '2015': 209.0, '2016': 197.0, '2017': 204.0, '2018': 209.0, '2019': 214.0, '2020': 218.0}","{'2010': 43.8, '2011': 40.5, '2012': 37.6, '2013': 35.2, '2014': 33.3, '2015': 31.6, '2016': 30.1, '2017': 28.8, '2018': 27.5, '2019': 26.5, '2020': 25.5}","{'2010': nan, '2011': nan, '2012': nan, '2013': nan, '2014': nan, '2015': nan, '2016': nan, '2017': nan, '2018': nan, '2019': nan, '2020': nan}","{'2010': 89.1, '2011': 89.1, '2012': nan, '2013': nan, '2014': 95.3, '2015': nan, '2016': nan, '2017': nan, '2018': nan, '2019': nan, '2020': nan}","{'2010': 93.61728, '2011': 97.51867, '2012': 97.40673, '2013': nan, '2014': 95.04806, '2015': 95.26797, '2016': 92.75899, '2017': 90.54321, '2018': 90.26554, '2019': nan, '2020': nan}","{'2010': 79.706, '2011': 79.337, '2012': 78.963, '2013': 78.585, '2014': 78.201, '2015': 77.812, '2016': 77.418, '2017': 77.02, '2018': 76.612, '2019': 76.195, '2020': 75.768}","{'2010': 39.8, '2011': nan, '2012': nan, '2013': nan, '2014': 32.4, '2015': nan, '2016': nan, '2017': nan, '2018': nan, '2019': nan, '2020': nan}","{'2010': 28.9, '2011': nan, '2012': nan, '2013': nan, '2014': 24.1, '2015': nan, '2016': nan, '2017': nan, '2018': nan, '2019': nan, '2020': nan}","{'2010': 0.771, '2011': 0.577, '2012': 0.496, '2013': 0.438, '2014': 0.692, '2015': 0.393, '2016': 0.716, '2017': 0.141, '2018': 0.13, '2019': 0.119, '2020': 0.172}","{'2010': 11.0, '2011': nan, '2012': nan, '2013': nan, '2014': 9.7, '2015': nan, '2016': nan, '2017': nan, '2018': nan, '2019': nan, '2020': nan}"
KIR,"{'2010': 88.08, '2011': 88.27, '2012': 89.61, '2013': 90.65, '2014': 90.44, '2015': 91.1, '2016': 118.46, '2017': 118.61, '2018': 107.5, '2019': 94.24, '2020': 94.37}","{'2010': 1522.10110213175, '2011': 1771.12894481248, '2012': 1843.55346948038, '2013': 1772.08706898092, '2014': 1736.7053011433, '2015': 1639.85274301496, '2016': 1742.66812442095, '2017': 1853.0511299437, '2018': 1912.73798131035, '2019': 1750.99750920482, '2020': 1769.43211760217}","{'2010': nan, '2011': nan, '2012': nan, '2013': nan, '2014': nan, '2015': nan, '2016': nan, '2017': nan, '2018': nan, '2019': 27.8, '2020': nan}","{'2010': 45.3, '2011': 45.0, '2012': 44.9, '2013': 45.0, '2014': 45.3, '2015': 45.7, '2016': 46.1, '2017': 46.3, '2018': 46.4, '2019': 46.1, '2020': 45.5}","{'2010': 131.0, '2011': 129.0, '2012': 131.0, '2013': 119.0, '2014': 120.0, '2015': 121.0, '2016': 117.0, '2017': 112.0, '2018': 110.0, '2019': 108.0, '2020': 76.0}","{'2010': 58.4, '2011': 58.0, '2012': 57.9, '2013': 58.0, '2014': 58.4, '2015': 59.0, '2016': 59.6, '2017': 60.0, '2018': 60.1, '2019': 59.7, '2020': 58.8}","{'2010': nan, '2011': nan, '2012': nan, '2013': nan, '2014': nan, '2015': nan, '2016': nan, '2017': nan, '2018': nan, '2019': 1.7, '2020': nan}","{'2010': nan, '2011': nan, '2012': nan, '2013': nan, '2014': nan, '2015': nan, '2016': nan, '2017': nan, '2018': nan, '2019': 89.2, '2020': nan}","{'2010': nan, '2011': nan, '2012': nan, '2013': nan, '2014': 97.4324, '2015': 95.76556, '2016': 97.47591, '2017': 94.69278, '2018': nan, '2019': nan, '2020': nan}","{'2010': 52.61, '2011': 51.765, '2012': 50.918, '2013': 50.073, '2014': 49.227, '2015': 48.381, '2016': 47.55, '2017': 46.738, '2018': 45.943, '2019': 45.165, '2020': 44.406}","{'2010': nan, '2011': nan, '2012': nan, '2013': nan, '2014': nan, '2015': nan, '2016': nan, '2017': nan, '2018': 15.2, '2019': nan, '2020': nan}","{'2010': nan, '2011': nan, '2012': nan, '2013': nan, '2014': nan, '2015': nan, '2016': nan, '2017': nan, '2018': 6.9, '2019': nan, '2020': nan}","{'2010': nan, '2011': nan, '2012': nan, '2013': nan, '2014': nan, '2015': nan, '2016': nan, '2017': nan, '2018': nan, '2019': nan, '2020': nan}","{'2010': nan, '2011': nan, '2012': nan, '2013': nan, '2014': nan, '2015': nan, '2016': nan, '2017': nan, '2018': 3.5, '2019': nan, '2020': nan}"
LIB,"{'2010': 88.49, '2011': 91.39, '2012': 93.77, '2013': 90.39, '2014': 92.45, '2015': 96.64, '2016': 110.91, '2017': 92.63, '2018': 94.53, '2019': 97.46, '2020': 100.6}","{'2010': 492.252808033724, '2011': 568.087865520004, '2012': 638.368751462083, '2013': 710.744570927863, '2014': 706.714490064507, '2015': 692.590082351257, '2016': 714.613063145659, '2017': 699.269095727404, '2018': 692.203127129794, '2019': 658.164180770507, '2020': 616.787867006715}","{'2010': nan, '2011': nan, '2012': nan, '2013': nan, '2014': 33.2, '2015': nan, '2016': 35.3, '2017': nan, '2018': nan, '2019': nan, '2020': nan}","{'2010': 71.7, '2011': 69.8, '2012': 68.1, '2013': 66.7, '2014': 67.6, '2015': 64.5, '2016': 63.1, '2017': 62.0, '2018': 60.7, '2019': 59.3, '2020': 57.8}","{'2010': 634.0, '2011': 644.0, '2012': 644.0, '2013': 632.0, '2014': 776.0, '2015': 686.0, '2016': 628.0, '2017': 661.0, '2018': 684.0, '2019': 668.0, '2020': 652.0}","{'2010': 99.6, '2011': 96.6, '2012': 94.0, '2013': 91.7, '2014': 91.9, '2015': 88.1, '2016': 86.0, '2017': 84.3, '2018': 82.3, '2019': 80.0, '2020': 77.7}","{'2010': nan, '2011': nan, '2012': nan, '2013': nan, '2014': 25.9, '2015': nan, '2016': 27.6, '2017': nan, '2018': nan, '2019': nan, '2020': nan}","{'2010': nan, '2011': 95.4, '2012': nan, '2013': 95.9, '2014': nan, '2015': nan, '2016': 97.9, '2017': nan, '2018': nan, '2019': nan, '2020': 97.8}","{'2010': nan, '2011': 40.78992, '2012': nan, '2013': nan, '2014': 38.38889, '2015': nan, '2016': nan, '2017': 44.25563, '2018': nan, '2019': nan, '2020': nan}","{'2010': 52.187, '2011': 51.807, '2012': 51.417, '2013': 51.015, '2014': 50.603, '2015': 50.18, '2016': 49.746, '2017': 49.303, '2018': 48.849, '2019': 48.385, '2020': 47.911}","{'2010': 39.0, '2011': nan, '2012': nan, '2013': 32.1, '2014': nan, '2015': nan, '2016': 30.1, '2017': nan, '2018': nan, '2019': 29.8, '2020': nan}","{'2010': 16.6, '2011': nan, '2012': nan, '2013': 15.3, '2014': nan, '2015': nan, '2016': 13.6, '2017': nan, '2018': nan, '2019': 10.9, '2020': nan}","{'2010': 2.266, '2011': 2.211, '2012': 2.146, '2013': 2.08, '2014': 2.079, '2015': 2.557, '2016': 3.081, '2017': 3.066, '2018': 3.056, '2019': 3.068, '2020': 4.109}","{'2010': 4.0, '2011': nan, '2012': nan, '2013': 5.6, '2014': nan, '2015': nan, '2016': 4.3, '2017': nan, '2018': nan, '2019': 3.4, '2020': nan}"
MDG,"{'2010': 104.79, '2011': 104.2, '2012': 108.38, '2013': 97.78, '2014': 101.05, '2015': 98.72, '2016': 100.23, '2017': 97.92, '2018': 100.64, '2019': 101.6, '2020': 102.17}","{'2010': 450.009391645726, '2011': 506.163691559309, '2012': 493.511162904211, '2013': 515.301589361832, '2014': 505.684922503435, '2015': 445.320069480568, '2016': 453.970714522463, '2017': 491.866848718929, '2018': 500.45718552916, '2019': 499.818837622534, '2020': 450.771615201509}","{'2010': 42.4, '2011': nan, '2012': 42.6, '2013': nan, '2014': nan, '2015': nan, '2016': nan, '2017': nan, '2018': nan, '2019': nan, '2020': nan}","{'2010': 47.8, '2011': 46.9, '2012': 46.2, '2013': 45.7, '2014': 45.4, '2015': 45.2, '2016': 45.1, '2017': 45.1, '2018': 45.2, '2019': 45.3, '2020': 45.4}","{'2010': 497.0, '2011': 484.0, '2012': 476.0, '2013': 455.0, '2014': 467.0, '2015': 482.0, '2016': 447.0, '2017': 423.0, '2018': 423.0, '2019': 398.0, '2020': 392.0}","{'2010': 70.6, '2011': 69.0, '2012': 67.8, '2013': 66.8, '2014': 66.2, '2015': 65.8, '2016': 65.7, '2017': 65.7, '2018': 65.8, '2019': 66.1, '2020': 66.3}","{'2010': 80.2, '2011': nan, '2012': 80.7, '2013': nan, '2014': nan, '2015': nan, '2016': nan, '2017': nan, '2018': nan, '2019': nan, '2020': nan}","{'2010': nan, '2011': 83.1, '2012': nan, '2013': 82.1, '2014': nan, '2015': nan, '2016': 87.0, '2017': nan, '2018': 85.1, '2019': nan, '2020': nan}","{'2010': nan, '2011': nan, '2012': nan, '2013': nan, '2014': nan, '2015': nan, '2016': nan, '2017': nan, '2018': 95.60378, '2019': nan, '2020': nan}","{'2010': 68.062, '2011': 67.42, '2012': 66.773, '2013': 66.122, '2014': 65.466, '2015': 64.807, '2016': 64.144, '2017': 63.478, '2018': 62.809, '2019': 62.139, '2020': 61.466}","{'2010': nan, '2011': nan, '2012': 48.9, '2013': nan, '2014': nan, '2015': nan, '2016': nan, '2017': nan, '2018': 41.6, '2019': nan, '2020': nan}","{'2010': nan, '2011': nan, '2012': 32.6, '2013': nan, '2014': nan, '2015': nan, '2016': nan, '2017': nan, '2018': 26.4, '2019': nan, '2020': nan}","{'2010': 4.28, '2011': 2.512, '2012': 0.599, '2013': 0.996, '2014': 1.386, '2015': 1.785, '2016': 1.947, '2017': 2.119, '2018': 2.297, '2019': 2.469, '2020': 3.284}","{'2010': nan, '2011': nan, '2012': 7.5, '2013': nan, '2014': nan, '2015': nan, '2016': nan, '2017': nan, '2018': 6.4, '2019': nan, '2020': nan}"
MNG,"{'2010': 62.12, '2011': 68.69, '2012': 73.61, '2013': 81.44, '2014': 83.81, '2015': 110.54, '2016': 105.65, '2017': 107.14, '2018': 126.37, '2019': 131.34, '2020': 168.69}","{'2010': 2625.21881402433, '2011': 3736.04201455077, '2012': 4328.89001905655, '2013': 4340.14310544449, '2014': 4126.23975800524, '2015': 3838.92126989984, '2016': 3619.90026383792, '2017': 3645.96708669551, '2018': 4107.64288528468, '2019': 4347.54610314873, '2020': 4001.25193077703}","{'2010': 33.1, '2011': 33.9, '2012': 33.8, '2013': nan, '2014': 32.0, '2015': nan, '2016': 32.3, '2017': nan, '2018': 32.7, '2019': nan, '2020': nan}","{'2010': 22.1, '2011': 20.6, '2012': 19.4, '2013': 18.3, '2014': 17.5, '2015': 16.6, '2016': 15.8, '2017': 15.0, '2018': 14.2, '2019': 13.4, '2020': 12.7}","{'2010': 65.0, '2011': 61.0, '2012': 58.0, '2013': 52.0, '2014': 49.0, '2015': 47.0, '2016': 47.0, '2017': 48.0, '2018': 42.0, '2019': 40.0, '2020': 39.0}","{'2010': 26.3, '2011': 24.4, '2012': 22.8, '2013': 21.5, '2014': 20.4, '2015': 19.5, '2016': 18.5, '2017': 17.5, '2018': 16.5, '2019': 15.6, '2020': 14.7}","{'2010': 1.1, '2011': 0.9, '2012': 0.5, '2013': nan, '2014': 0.3, '2015': nan, '2016': 0.7, '2017': nan, '2018': 0.7, '2019': nan, '2020': nan}","{'2010': 99.0, '2011': nan, '2012': nan, '2013': 98.7, '2014': 98.7, '2015': nan, '2016': nan, '2017': nan, '2018': 99.1, '2019': nan, '2020': nan}","{'2010': 97.30346, '2011': 97.82805, '2012': 97.19697, '2013': 94.61869, '2014': 94.62431, '2015': 96.00155, '2016': 97.82071, '2017': 97.86929, '2018': 97.69756, '2019': nan, '2020': nan}","{'2010': 32.433, '2011': 32.037, '2012': 31.97, '2013': 31.903, '2014': 31.837, '2015': 31.77, '2016': 31.703, '2017': 31.637, '2018': 31.555, '2019': 31.457, '2020': 31.343}","{'2010': 15.3, '2011': nan, '2012': nan, '2013': 10.8, '2014': nan, '2015': nan, '2016': 7.3, '2017': nan, '2018': 9.4, '2019': nan, '2020': nan}","{'2010': 3.3, '2011': nan, '2012': nan, '2013': 1.6, '2014': nan, '2015': nan, '2016': 0.8, '2017': nan, '2018': 1.8, '2019': nan, '2020': nan}","{'2010': 6.549, '2011': 4.769, '2012': 3.905, '2013': 4.231, '2014': 4.798, '2015': 4.861, '2016': 7.235, '2017': 6.359, '2018': 5.377, '2019': 9.269, '2020': 6.594}","{'2010': 1.6, '2011': nan, '2012': nan, '2013': 1.0, '2014': nan, '2015': nan, '2016': 1.2, '2017': nan, '2018': 0.9, '2019': nan, '2020': nan}"
NGA,"{'2010': 85.24, '2011': 78.94, '2012': 86.95, '2013': 84.66, '2014': 95.48, '2015': 97.74, '2016': 106.78, '2017': 109.08, '2018': 114.06, '2019': 109.77, '2020': 112.64}","{'2010': 2202.25672957344, '2011': 2418.41316975875, '2012': 2633.19734671361, '2013': 2872.79083379398, '2014': 3088.72131316169, '2015': 2585.73360671797, '2016': 2070.4127339595, '2017': 1876.34027111773, '2018': 2057.87944554011, '2019': 2265.15520863056, '2020': 2019.65706326224}","{'2010': 35.7, '2011': nan, '2012': 35.5, '2013': nan, '2014': nan, '2015': 35.9, '2016': nan, '2017': nan, '2018': 35.1, '2019': nan, '2020': nan}","{'2010': 84.2, '2011': 82.9, '2012': 81.8, '2013': 80.8, '2014': 80.0, '2015': 79.2, '2016': 78.2, '2017': 77.0, '2018': 75.7, '2019': 74.0, '2020': 72.3}","{'2010': 1123.0, '2011': 1070.0, '2012': 1087.0, '2013': 1109.0, '2014': 1135.0, '2015': 1113.0, '2016': 1129.0, '2017': 1127.0, '2018': 1135.0, '2019': 1122.0, '2020': 1047.0}","{'2010': 135.3, '2011': 132.9, '2012': 130.9, '2013': 129.1, '2014': 127.7, '2015': 126.2, '2016': 124.5, '2017': 122.4, '2018': 119.9, '2019': 116.9, '2020': 113.9}","{'2010': 34.9, '2011': nan, '2012': 33.8, '2013': nan, '2014': nan, '2015': 32.3, '2016': nan, '2017': nan, '2018': 30.9, '2019': nan, '2020': nan}","{'2010': 54.1, '2011': 66.2, '2012': nan, '2013': 60.6, '2014': nan, '2015': 62.6, '2016': nan, '2017': 65.8, '2018': 67.0, '2019': nan, '2020': nan}","{'2010': 64.13783, '2011': nan, '2012': nan, '2013': nan, '2014': nan, '2015': nan, '2016': nan, '2017': nan, '2018': nan, '2019': nan, '2020': nan}","{'2010': 56.52, '2011': 55.634, '2012': 54.754, '2013': 53.882, '2014': 53.018, '2015': 52.162, '2016': 51.317, '2017': 50.481, '2018': 49.656, '2019': 48.843, '2020': 48.042}","{'2010': nan, '2011': 35.8, '2012': nan, '2013': nan, '2014': 33.6, '2015': 33.0, '2016': 43.6, '2017': nan, '2018': 36.8, '2019': nan, '2020': 31.5}","{'2010': nan, '2011': 24.2, '2012': nan, '2013': nan, '2014': 20.6, '2015': 19.5, '2016': 31.5, '2017': nan, '2018': 21.8, '2019': nan, '2020': 18.4}","{'2010': 3.746, '2011': 3.77, '2012': 3.76, '2013': 3.711, '2014': 3.902, '2015': 4.135, '2016': 4.499, '2017': 4.828, '2018': 5.067, '2019': 5.206, '2020': 5.742}","{'2010': nan, '2011': 10.2, '2012': nan, '2013': nan, '2014': 7.9, '2015': 7.3, '2016': 10.8, '2017': nan, '2018': 6.8, '2019': nan, '2020': 6.5}"
NIC,"{'2010': 83.81, '2011': 91.18, '2012': 94.92, '2013': 97.53, '2014': 97.38, '2015': 96.91, '2016': 105.71, '2017': 115.76, '2018': 116.47, '2019': 118.69, '2020': 122.95}","{'2010': 1526.56185349171, '2011': 1679.71034177231, '2012': 1784.69212752824, '2013': 1835.43436443315, '2014': 1958.36966453366, '2015': 2074.45446460028, '2016': 2131.68828465802, '2017': 2182.61875100395, '2018': 2035.16750115975, '2019': 1958.62132892996, '2020': 1931.61515811642}","{'2010': nan, '2011': nan, '2012': nan, '2013': nan, '2014': 46.2, '2015': nan, '2016': nan, '2017': nan, '2018': nan, '2019': nan, '2020': nan}","{'2010': 20.0, '2011': 19.2, '2012': 18.5, '2013': 17.8, '2014': 17.1, '2015': 16.5, '2016': 16.0, '2017': 15.4, '2018': 14.9, '2019': 14.4, '2020': 14.0}","{'2010': 98.0, '2011': 95.0, '2012': 92.0, '2013': 91.0, '2014': 81.0, '2015': 79.0, '2016': 77.0, '2017': 76.0, '2018': 74.0, '2019': 75.0, '2020': 78.0}","{'2010': 23.5, '2011': 22.6, '2012': 21.7, '2013': 20.8, '2014': 20.1, '2015': 19.3, '2016': 18.6, '2017': 18.0, '2018': 17.4, '2019': 16.8, '2020': 16.3}","{'2010': nan, '2011': nan, '2012': nan, '2013': nan, '2014': 3.9, '2015': nan, '2016': nan, '2017': nan, '2018': nan, '2019': nan, '2020': nan}","{'2010': nan, '2011': nan, '2012': 94.6, '2013': nan, '2014': nan, '2015': nan, '2016': nan, '2017': nan, '2018': nan, '2019': nan, '2020': nan}","{'2010': 94.89265, '2011': nan, '2012': nan, '2013': nan, '2014': nan, '2015': nan, '2016': nan, '2017': nan, '2018': nan, '2019': nan, '2020': nan}","{'2010': 43.083, '2011': 42.887, '2012': 42.691, '2013': 42.495, '2014': 42.3, '2015': 42.105, '2016': 41.91, '2017': 41.701, '2018': 41.478, '2019': 41.24, '2020': 40.988}","{'2010': nan, '2011': nan, '2012': 17.3, '2013': nan, '2014': nan, '2015': nan, '2016': nan, '2017': nan, '2018': nan, '2019': nan, '2020': nan}","{'2010': nan, '2011': nan, '2012': 4.6, '2013': nan, '2014': nan, '2015': nan, '2016': nan, '2017': nan, '2018': nan, '2019': nan, '2020': nan}","{'2010': 7.83, '2011': 6.618, '2012': 5.208, '2013': 5.28, '2014': 4.52, '2015': 4.7, '2016': 3.9, '2017': 3.3, '2018': 5.2, '2019': 5.472, '2020': 6.201}","{'2010': nan, '2011': nan, '2012': 2.2, '2013': nan, '2014': nan, '2015': nan, '2016': nan, '2017': nan, '2018': nan, '2019': nan, '2020': nan}"
PER,"{'2010': 83.84, '2011': 86.92, '2012': 91.99, '2013': 94.72, '2014': 97.76, '2015': 99.02, '2016': 103.23, '2017': 103.96, '2018': 112.1, '2019': 116.69, '2020': 118.74}","{'2010': 5072.11494019615, '2011': 5861.35793645245, '2012': 6519.37852981527, '2013': 6746.80025696601, '2014': 6667.13410360861, '2015': 6231.71150338894, '2016': 6217.03599995447, '2017': 6736.16693725487, '2018': 6978.49121548627, '2019': 7037.00803692604, '2020': 6133.32552410183}","{'2010': 45.5, '2011': 44.7, '2012': 44.4, '2013': 43.9, '2014': 43.1, '2015': 43.4, '2016': 43.6, '2017': 43.3, '2018': 42.4, '2019': 41.5, '2020': 43.7}","{'2010': 15.6, '2011': 15.0, '2012': 14.4, '2013': 13.9, '2014': 13.5, '2015': 13.2, '2016': 13.0, '2017': 12.8, '2018': 12.6, '2019': 12.4, '2020': 12.2}","{'2010': 76.0, '2011': 73.0, '2012': 72.0, '2013': 71.0, '2014': 65.0, '2015': 65.0, '2016': 62.0, '2017': 61.0, '2018': 63.0, '2019': 72.0, '2020': 69.0}","{'2010': 20.1, '2011': 19.3, '2012': 18.5, '2013': 17.9, '2014': 17.4, '2015': 17.0, '2016': 16.7, '2017': 16.5, '2018': 16.2, '2019': 16.0, '2020': 15.7}","{'2010': 6.8, '2011': 6.5, '2012': 6.1, '2013': 5.4, '2014': 4.8, '2015': 4.7, '2016': 4.6, '2017': 4.5, '2018': 3.6, '2019': 3.0, '2020': 5.8}","{'2010': 94.7, '2011': 95.4, '2012': 96.0, '2013': 95.9, '2014': 96.9, '2015': 97.0, '2016': 97.6, '2017': 97.5, '2018': 98.1, '2019': 98.2, '2020': 98.1}","{'2010': 96.60304, '2011': 96.50894, '2012': 91.85927, '2013': 93.73238, '2014': 92.54948, '2015': 92.73258, '2016': 95.29, '2017': 94.91894, '2018': 95.65167, '2019': nan, '2020': nan}","{'2010': 23.57, '2011': 23.383, '2012': 23.196, '2013': 23.011, '2014': 22.827, '2015': 22.643, '2016': 22.461, '2017': 22.28, '2018': 22.093, '2019': 21.901, '2020': 21.703}","{'2010': 23.3, '2011': 19.5, '2012': 18.4, '2013': 17.6, '2014': 14.8, '2015': 14.7, '2016': 13.1, '2017': 12.8, '2018': 12.2, '2019': 12.2, '2020': 11.4}","{'2010': 4.3, '2011': 4.2, '2012': 3.4, '2013': 3.6, '2014': 3.2, '2015': 3.4, '2016': 3.2, '2017': 3.2, '2018': 2.6, '2019': 2.4, '2020': 2.2}","{'2010': 3.6, '2011': 3.477, '2012': 3.238, '2013': 3.575, '2014': 3.208, '2015': 3.272, '2016': 3.741, '2017': 3.691, '2018': 3.492, '2019': 3.379, '2020': 7.179}","{'2010': 0.7, '2011': 0.4, '2012': 0.6, '2013': 0.4, '2014': 0.6, '2015': 0.6, '2016': 0.6, '2017': 0.5, '2018': 0.5, '2019': 0.4, '2020': 0.4}"
PHL,"{'2010': 91.51, '2011': 95.14, '2012': 98.47, '2013': 98.7, '2014': 100.59, '2015': 100.77, '2016': 98.64, '2017': 101.95, '2018': 101.61, '2019': 101.33, '2020': 100.67}","{'2010': 2162.91375885614, '2011': 2383.91892526787, '2012': 2614.61644410764, '2013': 2781.27957670473, '2014': 2866.83803767919, '2015': 2909.85818014474, '2016': 2985.19564020101, '2017': 3038.12124955619, '2018': 3168.51036606257, '2019': 3400.78949772302, '2020': 3227.57910235199}","{'2010': nan, '2011': nan, '2012': 46.5, '2013': nan, '2014': nan, '2015': 44.6, '2016': nan, '2017': nan, '2018': 42.3, '2019': nan, '2020': nan}","{'2010': 23.3, '2011': 23.0, '2012': 22.7, '2013': 22.4, '2014': 22.2, '2015': 22.1, '2016': 22.1, '2017': 22.1, '2018': 22.1, '2019': 22.2, '2020': 22.2}","{'2010': 105.0, '2011': 108.0, '2012': 104.0, '2013': 103.0, '2014': 89.0, '2015': 88.0, '2016': 86.0, '2017': 84.0, '2018': 82.0, '2019': 81.0, '2020': 78.0}","{'2010': 29.6, '2011': 29.1, '2012': 28.7, '2013': 28.3, '2014': 28.1, '2015': 27.9, '2016': 27.9, '2017': 27.9, '2018': 28.0, '2019': 28.0, '2020': 28.0}","{'2010': nan, '2011': nan, '2012': 10.9, '2013': nan, '2014': nan, '2015': 6.5, '2016': nan, '2017': nan, '2018': 3.0, '2019': nan, '2020': nan}","{'2010': nan, '2011': 94.5, '2012': nan, '2013': 95.4, '2014': nan, '2015': nan, '2016': nan, '2017': 93.8, '2018': nan, '2019': nan, '2020': nan}","{'2010': nan, '2011': nan, '2012': nan, '2013': nan, '2014': 95.36339, '2015': 95.0759, '2016': 94.36604, '2017': 93.7756, '2018': nan, '2019': nan, '2020': nan}","{'2010': 54.668, '2011': 54.478, '2012': 54.288, '2013': 54.097, '2014': 53.907, '2015': 53.716, '2016': 53.525, '2017': 53.318, '2018': 53.093, '2019': 52.851, '2020': 52.592}","{'2010': nan, '2011': 33.4, '2012': nan, '2013': 30.0, '2014': nan, '2015': 33.1, '2016': nan, '2017': nan, '2018': 29.9, '2019': 28.7, '2020': nan}","{'2010': nan, '2011': 20.2, '2012': nan, '2013': 19.9, '2014': nan, '2015': 21.4, '2016': nan, '2017': nan, '2018': 19.0, '2019': 18.9, '2020': nan}","{'2010': 3.605, '2011': 3.592, '2012': 3.504, '2013': 3.497, '2014': 3.6, '2015': 3.068, '2016': 2.695, '2017': 2.552, '2018': 2.338, '2019': 2.237, '2020': 2.522}","{'2010': nan, '2011': 7.0, '2012': nan, '2013': 7.6, '2014': nan, '2015': 6.8, '2016': nan, '2017': nan, '2018': 5.5, '2019': 5.7, '2020': nan}"
PRY,"{'2010': 80.39, '2011': 84.42, '2012': 62.4, '2013': 92.89, '2014': 99.6, '2015': 98.81, '2016': 101.59, '2017': 110.54, '2018': 110.22, '2019': 102.2, '2020': 116.83}","{'2010': 4750.96273669322, '2011': 5805.40154543044, '2012': 5642.1699167298, '2013': 6435.68342733182, '2014': 6652.25478942291, '2015': 5879.33792308671, '2016': 5775.1596339946, '2017': 6152.26711537703, '2018': 6258.44991640954, '2019': 5821.18199548637, '2020': 5365.47220721191}","{'2010': 51.0, '2011': 52.3, '2012': 47.6, '2013': 47.9, '2014': 50.7, '2015': 47.6, '2016': 47.9, '2017': 48.5, '2018': 46.0, '2019': 45.7, '2020': 43.5}","{'2010': 21.8, '2011': 21.2, '2012': 20.6, '2013': 20.0, '2014': 19.4, '2015': 18.8, '2016': 18.3, '2017': 17.7, '2018': 17.2, '2019': 16.6, '2020': 16.0}","{'2010': 100.0, '2011': 99.0, '2012': 85.0, '2013': 81.0, '2014': 77.0, '2015': 80.0, '2016': 69.0, '2017': 69.0, '2018': 70.0, '2019': 70.0, '2020': 71.0}","{'2010': 25.9, '2011': 25.1, '2012': 24.4, '2013': 23.6, '2014': 22.9, '2015': 22.1, '2016': 21.5, '2017': 20.8, '2018': 20.1, '2019': 19.4, '2020': 18.7}","{'2010': 5.5, '2011': 5.0, '2012': 3.3, '2013': 1.8, '2014': 2.4, '2015': 1.9, '2016': 1.7, '2017': 1.0, '2018': 1.4, '2019': 1.0, '2020': 0.8}","{'2010': nan, '2011': nan, '2012': nan, '2013': nan, '2014': nan, '2015': nan, '2016': 98.7, '2017': nan, '2018': nan, '2019': nan, '2020': nan}","{'2010': 87.9171, '2011': 87.7094, '2012': 87.19751, '2013': nan, '2014': nan, '2015': nan, '2016': nan, '2017': nan, '2018': nan, '2019': nan, '2020': nan}","{'2010': 40.739, '2011': 40.416, '2012': 40.093, '2013': 39.803, '2014': 39.526, '2015': 39.25, '2016': 38.974, '2017': 38.7, '2018': 38.415, '2019': 38.121, '2020': 37.817}","{'2010': nan, '2011': nan, '2012': 10.7, '2013': nan, '2014': nan, '2015': nan, '2016': 5.6, '2017': nan, '2018': nan, '2019': nan, '2020': nan}","{'2010': nan, '2011': nan, '2012': 2.6, '2013': nan, '2014': nan, '2015': nan, '2016': 1.3, '2017': nan, '2018': nan, '2019': nan, '2020': nan}","{'2010': 4.569, '2011': 4.67, '2012': 4.085, '2013': 4.385, '2014': 5.034, '2015': 4.556, '2016': 5.255, '2017': 6.138, '2018': 6.217, '2019': 6.595, '2020': 7.548}","{'2010': nan, '2011': nan, '2012': 2.6, '2013': nan, '2014': nan, '2015': nan, '2016': 1.0, '2017': nan, '2018': nan, '2019': nan, '2020': nan}"
SLV,"{'2010': 102.89, '2011': 98.26, '2012': 108.63, '2013': 99.38, '2014': 99.6, '2015': 96.19, '2016': 104.21, '2017': 104.04, '2018': 101.53, '2019': 102.8, '2020': 98.27}","{'2010': 3040.07300952878, '2011': 3330.60049486653, '2012': 3497.91256915509, '2013': 3582.26694005169, '2014': 3666.01248913873, '2015': 3790.34089108162, '2016': 3901.34014965811, '2017': 4020.12671373919, '2018': 4183.54620971358, '2019': 4320.11671534627, '2020': 3997.19279583709}","{'2010': 43.5, '2011': 42.3, '2012': 41.8, '2013': 43.4, '2014': 41.6, '2015': 40.6, '2016': 40.0, '2017': 38.0, '2018': 38.6, '2019': 38.8, '2020': nan}","{'2010': 16.4, '2011': 15.7, '2012': 14.9, '2013': 14.3, '2014': 13.7, '2015': 13.2, '2016': 12.7, '2017': 12.2, '2018': 11.8, '2019': 11.3, '2020': 11.0}","{'2010': 36.0, '2011': 37.0, '2012': 38.0, '2013': 39.0, '2014': 41.0, '2015': 44.0, '2016': 42.0, '2017': 45.0, '2018': 45.0, '2019': 39.0, '2020': 43.0}","{'2010': 19.2, '2011': 18.3, '2012': 17.4, '2013': 16.6, '2014': 16.0, '2015': 15.3, '2016': 14.7, '2017': 14.2, '2018': 13.7, '2019': 13.2, '2020': 12.7}","{'2010': 6.3, '2011': 5.3, '2012': 4.6, '2013': 3.6, '2014': 3.4, '2015': 2.3, '2016': 2.6, '2017': 2.2, '2018': 1.8, '2019': 1.4, '2020': nan}","{'2010': nan, '2011': nan, '2012': nan, '2013': nan, '2014': 96.0, '2015': nan, '2016': nan, '2017': nan, '2018': nan, '2019': nan, '2020': nan}","{'2010': 94.46109, '2011': 94.08134, '2012': 93.22315, '2013': 90.57777, '2014': 88.23495, '2015': 85.79246, '2016': 84.4549, '2017': 80.23355, '2018': 80.99537, '2019': nan, '2020': nan}","{'2010': 34.548, '2011': 33.675, '2012': 32.813, '2013': 31.964, '2014': 31.126, '2015': 30.3, '2016': 29.499, '2017': 28.725, '2018': 27.977, '2019': 27.254, '2020': 26.556}","{'2010': nan, '2011': nan, '2012': nan, '2013': nan, '2014': 13.6, '2015': nan, '2016': nan, '2017': nan, '2018': nan, '2019': nan, '2020': nan}","{'2010': nan, '2011': nan, '2012': nan, '2013': nan, '2014': 5.0, '2015': nan, '2016': nan, '2017': nan, '2018': nan, '2019': nan, '2020': nan}","{'2010': 4.893, '2011': 4.297, '2012': 3.843, '2013': 3.693, '2014': 4.154, '2015': 3.998, '2016': 4.418, '2017': 4.385, '2018': 4.006, '2019': 4.17, '2020': 5.008}","{'2010': nan, '2011': nan, '2012': nan, '2013': nan, '2014': 2.1, '2015': nan, '2016': nan, '2017': nan, '2018': nan, '2019': nan, '2020': nan}"
VEN,"{'2010': 106.86, '2011': 119.41, '2012': 109.31, '2013': 107.82, '2014': 105.75, '2015': 104.37, '2016': 95.63, '2017': 91.75, '2018': 84.89, '2019': 84.92, '2020': 89.45}","{'2010': 13646.3046622664, '2011': 10843.9229703167, '2012': 12901.4171582274, '2013': 12403.1466957582, '2014': 15943.6127197163, '2015': nan, '2016': nan, '2017': nan, '2018': nan, '2019': nan, '2020': nan}","{'2010': nan, '2011': nan, '2012': nan, '2013': nan, '2014': nan, '2015': nan, '2016': nan, '2017': nan, '2018': nan, '2019': nan, '2020': nan}","{'2010': 14.7, '2011': 14.8, '2012': 15.0, '2013': 15.3, '2014': 15.6, '2015': 16.6, '2016': 21.2, '2017': 21.2, '2018': 21.2, '2019': 21.2, '2020': 21.2}","{'2010': 112.0, '2011': 118.0, '2012': 119.0, '2013': 124.0, '2014': 119.0, '2015': 126.0, '2016': 150.0, '2017': 175.0, '2018': 179.0, '2019': 177.0, '2020': 259.0}","{'2010': 17.1, '2011': 17.2, '2012': 17.4, '2013': 17.8, '2014': 18.2, '2015': 19.1, '2016': 24.2, '2017': 24.2, '2018': 24.2, '2019': 24.2, '2020': 24.2}","{'2010': nan, '2011': nan, '2012': nan, '2013': nan, '2014': nan, '2015': nan, '2016': nan, '2017': nan, '2018': nan, '2019': nan, '2020': nan}","{'2010': nan, '2011': nan, '2012': nan, '2013': 97.5, '2014': nan, '2015': nan, '2016': nan, '2017': nan, '2018': nan, '2019': nan, '2020': nan}","{'2010': 92.48108, '2011': 92.69816, '2012': 92.49758, '2013': 91.56032, '2014': 91.1096, '2015': 90.69857, '2016': 88.88692, '2017': 87.39174, '2018': nan, '2019': nan, '2020': nan}","{'2010': 11.917, '2011': 11.892, '2012': 11.877, '2013': 11.867, '2014': 11.856, '2015': 11.846, '2016': 11.835, '2017': 11.817, '2018': 11.792, '2019': 11.76, '2020': 11.721}","{'2010': nan, '2011': nan, '2012': nan, '2013': nan, '2014': nan, '2015': nan, '2016': nan, '2017': nan, '2018': nan, '2019': nan, '2020': nan}","{'2010': nan, '2011': nan, '2012': nan, '2013': nan, '2014': nan, '2015': nan, '2016': nan, '2017': nan, '2018': nan, '2019': nan, '2020': nan}","{'2010': 7.112, '2011': 6.902, '2012': 6.601, '2013': 7.54, '2014': 6.821, '2015': 6.137, '2016': 5.319, '2017': 5.045, '2018': 5.46, '2019': 5.876, '2020': 7.53}","{'2010': nan, '2011': nan, '2012': nan, '2013': nan, '2014': nan, '2015': nan, '2016': nan, '2017': nan, '2018': nan, '2019': nan, '2020': nan}"
WAL,"{'2010': 101.5, '2011': 108.49, '2012': 112.0, '2013': 117.5, '2014': 110.05, '2015': 96.35, '2016': 93.6, '2017': 84.47, '2018': 88.66, '2019': 78.32, '2020': 91.46}","{'2010': 648.129229488008, '2011': 718.161680687537, '2012': 904.840762004552, '2013': 1146.4163912665, '2014': 1140.92742266148, '2015': 945.148168480629, '2016': 838.631615328371, '2017': 788.486867334833, '2018': 845.914540460932, '2019': 843.71251730417, '2020': 845.313836261458}","{'2010': nan, '2011': 34.0, '2012': nan, '2013': nan, '2014': nan, '2015': nan, '2016': nan, '2017': nan, '2018': 35.7, '2019': nan, '2020': nan}","{'2010': 107.3, '2011': 104.0, '2012': 100.8, '2013': 97.9, '2014': 95.8, '2015': 95.3, '2016': 89.9, '2017': 87.4, '2018': 85.0, '2019': 82.6, '2020': 80.3}","{'2010': 837.0, '2011': 728.0, '2012': 667.0, '2013': 632.0, '2014': 618.0, '2015': 588.0, '2016': 505.0, '2017': 520.0, '2018': 460.0, '2019': 435.0, '2020': 443.0}","{'2010': 160.9, '2011': 154.1, '2012': 147.6, '2013': 141.6, '2014': 139.6, '2015': 140.5, '2016': 125.7, '2017': 121.0, '2018': 116.6, '2019': 112.2, '2020': 108.2}","{'2010': nan, '2011': 38.7, '2012': nan, '2013': nan, '2014': nan, '2015': nan, '2016': nan, '2017': nan, '2018': 26.1, '2019': nan, '2020': nan}","{'2010': 93.0, '2011': nan, '2012': nan, '2013': 97.1, '2014': nan, '2015': nan, '2016': 94.2, '2017': 97.4, '2018': nan, '2019': 97.9, '2020': nan}","{'2010': nan, '2011': nan, '2012': 94.57197, '2013': 96.37658, '2014': nan, '2015': 95.11907, '2016': 98.11179, '2017': nan, '2018': nan, '2019': nan, '2020': nan}","{'2010': 61.144, '2011': 60.752, '2012': 60.358, '2013': 59.964, '2014': 59.568, '2015': 59.171, '2016': 58.772, '2017': 58.364, '2018': 57.945, '2019': 57.516, '2020': 57.077}","{'2010': 32.7, '2011': nan, '2012': nan, '2013': nan, '2014': 29.1, '2015': nan, '2016': nan, '2017': 31.0, '2018': nan, '2019': 29.5, '2020': nan}","{'2010': 18.5, '2011': nan, '2012': nan, '2013': nan, '2014': 13.0, '2015': nan, '2016': nan, '2017': 15.6, '2018': nan, '2019': 13.5, '2020': nan}","{'2010': 4.413, '2011': 4.54, '2012': 4.552, '2013': 4.538, '2014': 4.678, '2015': 4.606, '2016': 4.294, '2017': 3.834, '2018': 3.192, '2019': 3.203, '2020': 3.508}","{'2010': 7.5, '2011': nan, '2012': nan, '2013': nan, '2014': 4.6, '2015': nan, '2016': nan, '2017': 6.8, '2018': nan, '2019': 5.4, '2020': nan}"
ZWE,"{'2010': 106.25, '2011': 108.3, '2012': 112.21, '2013': 111.7, '2014': 96.85, '2015': 101.1, '2016': 102.05, '2017': 106.59, '2018': 107.82, '2019': 105.74, '2020': 110.34}","{'2010': 901.554443558321, '2011': 1037.25491018154, '2012': 1238.60109002194, '2013': 1362.30066802685, '2014': 1372.21278071456, '2015': 1386.42284717709, '2016': 1407.41536437554, '2017': 3448.08253696926, '2018': 2271.8533351306, '2019': 1684.02790388182, '2020': 1730.41348946953}","{'2010': nan, '2011': 43.2, '2012': nan, '2013': nan, '2014': nan, '2015': nan, '2016': nan, '2017': 44.3, '2018': nan, '2019': 50.3, '2020': nan}","{'2010': 52.5, '2011': 51.1, '2012': 46.8, '2013': 45.0, '2014': 43.0, '2015': 41.9, '2016': 40.4, '2017': 39.2, '2018': 37.8, '2019': 36.9, '2020': 36.4}","{'2010': 618.0, '2011': 562.0, '2012': 528.0, '2013': 495.0, '2014': 441.0, '2015': 408.0, '2016': 400.0, '2017': 366.0, '2018': 359.0, '2019': 393.0, '2020': 357.0}","{'2010': 85.4, '2011': 80.0, '2012': 71.7, '2013': 65.9, '2014': 62.3, '2015': 60.2, '2016': 57.5, '2017': 55.8, '2018': 53.4, '2019': 52.4, '2020': 51.4}","{'2010': nan, '2011': 21.6, '2012': nan, '2013': nan, '2014': nan, '2015': nan, '2016': nan, '2017': 34.2, '2018': nan, '2019': 39.8, '2020': nan}","{'2010': nan, '2011': 89.8, '2012': nan, '2013': nan, '2014': 93.7, '2015': 93.3, '2016': nan, '2017': nan, '2018': nan, '2019': 93.3, '2020': nan}","{'2010': nan, '2011': nan, '2012': 94.17241, '2013': 94.14912, '2014': nan, '2015': nan, '2016': nan, '2017': nan, '2018': nan, '2019': nan, '2020': nan}","{'2010': 66.804, '2011': 66.985, '2012': 67.166, '2013': 67.346, '2014': 67.496, '2015': 67.615, '2016': 67.704, '2017': 67.763, '2018': 67.791, '2019': 67.79, '2020': 67.758}","{'2010': 32.2, '2011': nan, '2012': nan, '2013': nan, '2014': 27.6, '2015': 27.1, '2016': nan, '2017': nan, '2018': nan, '2019': 23.5, '2020': nan}","{'2010': 10.2, '2011': nan, '2012': nan, '2013': nan, '2014': 11.2, '2015': 8.5, '2016': nan, '2017': nan, '2018': nan, '2019': 9.7, '2020': nan}","{'2010': 5.447, '2011': 5.368, '2012': 5.061, '2013': 4.943, '2014': 4.774, '2015': 5.377, '2016': 5.886, '2017': 6.344, '2018': 6.793, '2019': 7.373, '2020': 8.621}","{'2010': 3.2, '2011': nan, '2012': nan, '2013': nan, '2014': 3.2, '2015': 3.3, '2016': nan, '2017': nan, '2018': nan, '2019': 2.9, '2020': nan}"
